,href,title,text,rating
0,https://irecommend.ru//content/zvezdatoe-svetloe-pivo-s-modnym-finskim-nazvaniem-kak-petsya-tovarishchi-moi-vpechatleniya,"
–ó–≤–µ–∑–¥–∞—Ç–æ–µ —Å–≤–µ—Ç–ª–æ–µ –ø–∏–≤–æ —Å –º–æ–¥–Ω—ã–º —Ñ–∏–Ω—Å–∫–∏–º –Ω–∞–∑–≤–∞–Ω–∏–µ–º. –ö–∞–∫ –ø—å–µ—Ç—Å—è, —Ç–æ–≤–∞—Ä–∏—â–∏? –ú–æ–∏ –≤–ø–µ—á–∞—Ç–ª–µ–Ω–∏—è ","–ü–∏–≤–æ –•–µ–π–Ω–µ–∫–µ–Ω –ø—Ä–æ–±–æ–≤–∞–ª–∞ –∫–æ–≥–¥–∞-—Ç–æ –≤ –º–æ–ª–æ–¥–æ—Å—Ç–∏, –∫–æ–≥–¥–∞ –±–æ–ª—å—à–æ–≥–æ –≤—ã–±–æ—Ä–∞ —Å–æ–≤—Ä–µ–º–µ–Ω–Ω—ã—Ö —Ä–æ—Å—Å–∏–π—Å–∫–∏—Ö –º–∞—Ä–æ–∫ –Ω–µ –±—ã–ª–æ –≤ –ø—Ä–æ–¥–∞–∂–µ, –¥–∞ –ø–æ—Ç–æ–º –ø–æ–¥–∑–∞–±—ã–ª–∞ –ø—Ä–æ –Ω–µ–≥–æ. 










 










–°–æ–≤—Å–µ–º –Ω–µ–¥–∞–≤–Ω–æ –≤ –≤—ã—Ö–æ–¥–Ω–æ–π –¥–µ–Ω—å —É –Ω–∞—Å –ø—Ä–æ—Ö–æ–¥–∏–ª–∞ –ø–∏–≤–Ω–∞—è –∞–∫—Ü–∏—è –æ—Ç –•–µ–π–Ω–µ–∫–µ–Ω - —Ä–∞–∑–¥–∞–≤–∞–ª–∏ –≤ —Ä—É–∫–∏ –ø–æ –æ–¥–Ω–æ–π –±–∞–Ω–æ—á–∫–µ –Ω—É–ª–µ–≤–∫–∏. –û–∫–∞–∑–∞–ª–∞—Å—å –Ω—É–ª–µ–≤–∫–∞ –Ω–µ –ø–ª–æ—Ö–∞. –î—É–º–∞—é, –¥–∞–π-–∫–∞ –∫—É–ø–ª—é –∞–ª–∫–æ–≥–æ–ª—å–Ω–æ–µ –ø–∏–≤–æ –ø–æ–ø—Ä–æ–±–æ–≤–∞—Ç—å. –ò –æ–Ω–æ –æ–ø—Ä–∞–≤–¥–∞–ª–æ –≤—Å–µ –º–æ–∏ –æ–∂–∏–¥–∞–Ω–∏—è! 










–ü–∏–≤–æ –•–µ–π–Ω–µ–∫–µ–Ω —Å–≤–µ—Ç–ª–æ–µ –ø–∞—Å—Ç–µ—Ä–∏–∑–æ–≤–∞–Ω–Ω–æ–µ (Music edition) –æ–±–ª–∞–¥–∞–µ—Ç –Ω–µ—Å–∏–ª—å–Ω—ã–º –∞—Ä–æ–º–∞—Ç–æ–º, –∏ –ø—Ä–∏ —ç—Ç–æ–º —Å–æ–≤—Å–µ–º –Ω–µ –≥–æ—Ä—á–∏—Ç, –∞ —ç—Ç–æ –º–Ω–µ –Ω—Ä–∞–≤–∏—Ç—Å—è, –∫–æ–≥–¥–∞ –ø–∏–≤–æ –Ω–µ –≥–æ—Ä—å–∫–æ–µ –≤ –ø–æ—Å–ª–µ–≤–∫—É—Å–∏–∏. –î–∞–Ω–Ω—ã–π –≤—ã–ø–∏—Ç—ã–π —ç–∫–∑–µ–º–ø–ª—è—Ä –±—ã–ª —Å–¥–µ–ª–∞–Ω –≤ –µ–≤—Ä–æ—Å–æ—é–∑–µ, –±–æ–ª—å—à–µ –Ω–µ –Ω–∞—à–ª–∞ –Ω–∏—á–µ–≥–æ –Ω–∞ –±–∞–Ω–∫–µ –ø–æ –ø—Ä–æ–∏–∑–≤–æ–¥–∏—Ç–µ–ª—é, —Ç–æ–ª—å–∫–æ –∏–º–ø–æ—Ä—Ç–µ—Ä–∞, –∫—É–ø–∏–ª–∞ –≤ –°–µ—Ä–±–∏–∏. –ù–∞–¥–µ—é—Å—å, —á—Ç–æ –∫–∞—á–µ—Å—Ç–≤–æ –ø–∏–≤–∞, —Å–¥–µ–ª–∞–Ω–Ω–æ–≥–æ –Ω–∞ —Ä–∞–∑–Ω—ã—Ö –∑–∞–≤–æ–¥–∞—Ö, —Å–æ–≤–ø–∞–¥–∞–µ—Ç –¥—Ä—É–≥ —Å –¥—Ä—É–≥–æ–º. 










 –ü–∏–≤–æ –ø–æ—à–ª–æ –æ—Ç–ª–∏—á–Ω–æ, –ø–æ—Å–ª–µ –ø–µ—Ä–≤–æ–π –∂–µ –±–∞–Ω–∫–∏ —Å–µ–π —Å—Ç–∞–∫–∞–Ω –±—ã–ª —Ä–∞–∑–±–∏—Ç –≤–∑–º–∞—Ö–æ–º –ª–æ–∫—Ç—è, —á—Ç–æ –≥–æ–≤–æ—Ä–∏—Ç –∏ –æ–± —ç—Ñ—Ñ–µ–∫—Ç–∏–≤–Ω–æ—Å—Ç–∏ –≤—ã–ø–∏—Ç–æ–≥–æ —á—Ç–æ –∫–∞—Å–∞–µ–º–æ –≥—Ä–∞–¥—É—Å–æ–≤. –ü–∏–≤–æ –•–µ–π–Ω–µ–∫–µ–Ω —Å–≤–µ—Ç–ª–æ–µ –ø–∞—Å—Ç–µ—Ä–∏–∑–æ–≤–∞–Ω–Ω–æ–µ —Ä–µ–∫–æ–º–µ–Ω–¥—É—é –≤–∑—Ä–æ—Å–ª—ã–º –¥—Ä—É–∑—å—è–º –∏ –ø–æ–¥—Ä—É–∂–∫–∞–º - –ª—é–±–∏—Ç–µ–ª—è–º —Ö–æ–ª–æ–¥–Ω–µ–Ω—å–∫–æ–≥–æ –ø–∏–≤–∞. –û—Å–æ–±–µ–Ω–Ω–æ, –µ—Å–ª–∏ —É—Ö–≤–∞—Ç–∏—Ç–µ –∞–∫—Ü–∏—é. –õ—É—á—à–µ –ø–∏—Ç—å –≤ –æ—Ö–ª–∞–∂–¥–µ–Ω–Ω–æ–º –≤–∏–¥–µ.  –ê –ó–î–ï–°–¨ –æ –≤–µ—Å–µ–ª–µ–Ω—å–∫–æ–º —à–∞–º–ø–∞–Ω—Å–∫–æ–º - –°–æ–≤–µ—Ç—Å–∫–æ–µ —à–∞–º–ø–∞–Ω—Å–∫–æ–µ –ø–æ–ª—É—Å–ª–∞–¥–∫–æ–µ –ì–û–°–¢ - –í–∏–Ω–æ –∫—Ä–∞—Å–Ω–æ–µ Vranac Rubin, –ø—Ä–æ–∏–∑–≤–æ–¥—Å—Ç–≤–æ –°–µ—Ä–±–∏—è - –°—É—Ö–∏–µ –≤–∏–Ω–∞ –Ω–µ –ø—å—é, –±–æ–ª–∏—Ç –≥–æ–ª–æ–≤–∞. –ù–æ —ç—Ç–æ –≤–∏–Ω–æ —É–¥–∏–≤–∏–ª–æ - –í–∏–Ω–æ Caveneta - –ü—Ä–µ–∫—Ä–∞—Å–Ω–æ–µ –¥–µ—à–µ–≤–æ–µ –≤–∏–Ω–∏—â–µ –¥–ª—è –ø–æ–ª–æ—Å–∫–∞–Ω–∏—è –≥–æ—Ä–ª–∞ - –†–æ–∑–æ–≤–æ–µ –≤–∏–Ω–æ Castillo Lagomar Rosado - –†–∞—Å–ø—Ä–æ–±–æ–≤–∞–ª–∞ —Å–æ –≤—Ç–æ—Ä–æ–≥–æ —Ä–∞–∑–∞ - –í–∏–Ω–æ ""–ñ–µ—Ä–µ–±—è—á—å—è –∫—Ä–æ–≤—å"", –≤ –æ—Ä–∏–≥–∏–Ω–∞–ª–µ ""Zdrepceva Krv"" - –í–∏–Ω–æ –≤–∫—É—Å–Ω–æ–µ. –ü–æ—Å—Ç—Ä–∞–¥–∞–ª–æ –ª–∏ –∂–∏–≤–æ—Ç–Ω–æ–µ, –≤–æ—Ç –≤ —á–µ–º –≤–æ–ø—Ä–æ—Å - –í–∏–Ω–æ –∫—Ä–∞—Å–Ω–æ–µ –ø–æ–ª—É—Å–ª–∞–¥–∫–æ–µ –ò–ó–ê–ë–ï–õ–õ–ê DOLCE ARGENTINA –ì–∞—Ç—á–∏–Ω—Å–∫–∏–π —Å–ø–∏—Ä—Ç–æ–≤–æ–π –∑–∞–≤–æ–¥ - –î–µ–∂—É—Ä–Ω–æ–µ –≤–µ—á–µ—Ä–Ω–µ–µ –≤–∏–Ω—Ü–æ - –í–∏–Ω–æ –î–ê–† –¢–ê–ú–ê–ù–ò –ò–∑–∞–±–µ–ª–ª–∞ –æ—Ä–∏–≥–∏–Ω–∞–ª—å–Ω–∞—è –û–û–û ¬´–ü—Ä–æ—Ö–ª–∞–¥–∞¬ª –ü—Ä–∏–ª–∏—á–Ω–æ–µ –≤–∏–Ω–æ –∏–∑ –°–≤–µ—Ç–æ—Ñ–æ—Ä–∞ - –ø–∏–≤–æ ""–ñ–∏–≥—É–ª–µ–≤—Å–∫–æ–µ –≤—ã—Å—à–∏–π —Å–æ—Ä—Ç"" –æ—Ç –ü–∏–≤–æ–≤–∞—Ä–µ–Ω–Ω–æ–π –∫–æ–º–ø–∞–Ω–∏–∏ ""–ë–∞–ª—Ç–∏–∫–∞"" - –ú–∞–º–∞ –¥–æ—Ä–æ–≥–∞—è, –Ω–µ—É–∂–µ–ª–∏ —Ç–∞–∫–æ–µ –ø–∏–≤–æ –ø–∏–ª–∏ –≤ —Å–æ–≤–µ—Ç—Å–∫–æ–µ –≤—Ä–µ–º—è ",5
0,https://irecommend.ru//content/obychnyi-evrolager-s-marketingovym-cheshskim-nazvaniem,"
–û–±—ã—á–Ω—ã–π –µ–≤—Ä–æ–ª–∞–≥–µ—Ä —Å –º–∞—Ä–∫–µ—Ç–∏–Ω–≥–æ–≤—ã–º —á–µ—à—Å–∫–∏–º –Ω–∞–∑–≤–∞–Ω–∏–µ–º  ","–í —Å–µ—Ç–∏ ""–ö–∏–ë"" –ø–æ—è–≤–∏–ª—Å—è –Ω–æ–≤—ã–π –ø–∏–≤–Ω–æ–π –±—Ä–µ–Ω–¥ ""Stara Pivnice"" –æ—Ç –ø–∏–≤–≥–∏–≥–∞–Ω—Ç–∞""–ö—Ä–∏–Ω–∏—Ü–∞"" –∏–∑ –ë–µ–ª–∞—Ä—É—Å–∏ , –ø–æ –∑–∞—è–≤–ª–µ–Ω–∏—é –ø—Ä–æ–∏–∑–≤–æ–¥–∏—Ç–µ–ª—è: –°–≤–∞—Ä–µ–Ω–æ –ø–æ –æ—Ä–∏–≥–∏–Ω–∞–ª—å–Ω—ã–º—É —á–µ—à—Å–∫–æ–º—É —Ä–µ—Ü–µ–ø—Ç—É —Å –∏—Å–ø–æ–ª—å–∑–æ–≤–∞–Ω–∏–µ–º —á–µ—à—Å–∫–∏—Ö —Å–æ—Ä—Ç–æ–≤ —Ö–º–µ–ª—è –∏ –¥—Ä–æ–∂–∂–µ–π. –°–º–æ–∂–µ—Ç –ª–∏ –¥–∞–Ω–Ω—ã–π –ø—Ä–æ–¥—É–∫—Ç –ø–æ-–Ω–∞—Å—Ç–æ—è—â–µ–º—É –∏–º–ø–æ—Ä—Ç–æ–∑–∞–º–µ—Å—Ç–∏—Ç—å —á–µ—à—Å–∫–∏–µ —Å–æ—Ä—Ç–∞?–ò—Ç–∞–∫ —Ä–∞–∑–±–∏—Ä–∞–µ–º—Å—è.. Stara Pivnice(–°—Ç–∞—Ä–∞ –ü–∏–≤–Ω–∏—Ü–µ)–ê–ª–∫.4,8%,–≠–ù–°.11,8%–ë–µ–ª–∞—Ä—É—Å—å, –≥.–ú–∏–Ω—Å–∫–û–ê–û –ö—Ä–∏–Ω–∏—Ü–∞–° 1975 –≥. ¬´–ö—Ä–∏–Ω–∏—Ü–∞¬ª —è–≤–ª—è–µ—Ç—Å—è –∫—Ä—É–ø–Ω–µ–π—à–∏–º –≤ –ë–µ–ª–∞—Ä—É—Å–∏ –ø—Ä–µ–¥–ø—Ä–∏—è—Ç–∏–µ–º –ø–æ –ø—Ä–æ–∏–∑–≤–æ–¥—Å—Ç–≤—É –ø–∏–≤–∞ –∏ –∫–≤–∞—Å–∞. –°–µ–≥–æ–¥–Ω—è –≤ –∞–∫—Ç–∏–≤–µ –∫–æ–º–ø–∞–Ω–∏–∏ –Ω–µ—Å–∫–æ–ª—å–∫–æ –±—Ä—ç–Ω–¥–æ–≤. –ü–æ—Å—Ç–∞–≤–ª—è–µ—Ç—Å—è –∏ –≤—ã–ø—É—Å–∫–∞–µ—Ç—Å—è –∑–∞–≤–æ–¥–æ–º —Ç–æ–ª—å–∫–æ –≤ —Å—Ç–µ–∫–ª—è–Ω–Ω–æ–π –≤–µ—Ä—Å–∏–∏. –¶–≤–µ—Ç –∑–æ–ª–æ—Ç–∏—Å—Ç—ã–π. –ê—Ä–æ–º–∞—Ç –æ—á–µ–Ω—å —Å–ª–∞–±—ã–π —Ö–º–µ–ª—è. –ü–µ–Ω–∞ –æ–±—Ä–∞–∑—É–µ—Ç—Å—è –ø—ã—à–Ω–∞—è, –¥–µ—Ä–∂–∏—Ç—Å—è –¥–æ–≤–æ–ª—å–Ω–æ –¥–æ–ª–≥–æ –∏ –Ω–µ–º–Ω–æ–≥–æ –æ—Å—Ç–∞—ë—Ç—Å—è –Ω–∞ —Å—Ç–µ–Ω–∫–∞—Ö –±–æ–∫–∞–ª–∞. –í–∫—É—Å –ª—ë–≥–∫–∏–π, –æ—Å–≤–µ–∂–∞—é—â–∏–π, –º—è–≥–∫–∏–π —Å –æ—á–µ–Ω—å —Å–ª–∞–±–æ–π –≥–æ—Ä—á–∏–Ω–∫–æ–π –∏ —Ç–∞–∫–∏–º–∏ –∂–µ —Å–ª–∞–±—ã–º–∏ –∏ –Ω–µ–≤–Ω—è—Ç–Ω—ã–º–∏ —Ç—Ä–∞–≤—è–Ω—ã–º–∏ –Ω–æ—Ç–∞–º–∏, —Å —Ñ–∏–Ω–∞–ª—å–Ω–æ–π –Ω–µ–ø—Ä–∏—è—Ç–Ω–æ–π –∫–∏—Å–ª–∏–Ω–∫–æ–π –≤ –±—ã—Å—Ç—Ä–æ –ø—Ä–æ—Ö–æ–¥—è—â–µ–º –∏ —Ä–∞–∑–º—ã—Ç—ã–º –ø–æ—Å–ª–µ–≤–∫—É—Å–∏–∏. –ù–µ—Å–º–æ—Ç—Ä—è –Ω–∞ –∑–∞—è–≤–ª–µ–Ω–Ω—É—é –ø–ª–æ—Ç–Ω–æ—Å—Ç—å –≤ 11,8(–≠–ù–°.), —Å–∞–º –≤–∫—É—Å –±–ª–∏–∂–µ –∫ –±–æ–ª–µ–µ –≤–æ–¥—è–Ω–∏—Å—Ç—ã–º –¥–µ—Å–∏—Ç–∫–∞–º, –Ω–æ –≤—Å—è —Å–æ–ª—å –≤ —Ç–æ–º, —á—Ç–æ —ç—Ç–æ–º –ø—Ä–æ–¥—É–∫—Ç –∫—Ä–æ–º–µ –Ω–∞–∑–≤–∞–Ω–∏—è –Ω–∏—á–µ–≥–æ –æ–±—â–µ–≥–æ —Å —Ç—Ä–∞–¥–∏—Ü–∏–æ–Ω–Ω—ã–º–∏ –∫–ª–∞—Å—Å–∏—á–µ—Å–∫–∏–º–∏ —á–µ—à—Å–∫–∏–º–∏ —Å–æ—Ä—Ç–∞–º–∏ –Ω–µ –∏–º–µ–µ—Ç. –í —Ü–µ–ª–æ–º –æ–±—ã—á–Ω—ã–π –ª–∞–≥–µ—Ä,–û—á–µ—Ä–µ–¥–Ω–æ–π –º–∞—Ä–∫–µ—Ç–∏–Ω–≥ –∏ –Ω–∏—á–µ–≥–æ –±–æ–ª–µ–µ. –ö—Ç–æ –∑–Ω–∞–µ—Ç —Ç–æ—Ç –ø–æ–π–º–µ—Ç, –∞ –∫—Ç–æ —Ç–æ–ª—å–∫–æ –Ω–∞—á–∏–Ω–∞–µ—Ç ""–ø—Ä–∏–æ–±—â–∞—Ç—å—Å—è –∏ –ø–æ–∑–Ω–∞–≤–∞—Ç—å"" –Ω–∞—Å—Ç–æ—è—â—É—é –ß–µ—Ö–∏—é, —Ç–æ –¥–∞–∂–µ —Å–∞–º—ã–π –±—é–¥–∂–µ—Ç–Ω—ã–π –Ω–∞—Å—Ç–æ—è—â–∏–π –ß–µ—à—Å–∫–∏–π –ª–µ–∂–∞–∫ –≤ –∫–æ—Ä–Ω–µ –æ—Ç–ª–∏—á–∞–µ—Ç—Å—è –æ—Ç —ç—Ç–æ–≥–æ –ø—Ä–æ–¥—É–∫—Ç–∞...–ù–æ –≤ —Ü–µ–ª–æ–º –≤–ø–æ–ª–Ω–µ –¥–æ–±—Ä–æ—Ç–Ω—ã–π –ª–∞–≥–µ—Ä –∑–∞ –¥–æ—Å—Ç–æ–π–Ω—É—é —Ü–µ–Ω—É –ø–ª—é—Å —á–µ—Å—Ç–Ω—ã–π –æ–±—ä–µ–º –≤ 0,5–ª.! –°–ø–∞—Å–∏–±–æ –∑–∞ –≤–Ω–∏–º–∞–Ω–∏–µ –∏ –≤—Å–µ–º –Ω–æ–≤—ã—Ö –≥–∞—Å—Ç—Ä–æ–Ω–æ–º–∏—á–µ—Å–∫–∏—Ö –æ—Ç–∫—Ä—ã—Ç–∏–π! . ",3
0,https://irecommend.ru//content/obychnaya-baltika-tolko-bolee-kachestvennaya,"
–û–±—ã—á–Ω–∞—è –ë–∞–ª—Ç–∏–∫–∞ —Ç–æ–ª—å–∫–æ –±–æ–ª–µ–µ –∫–∞—á–µ—Å—Ç–≤–µ–Ω–Ω–∞—è.  ","–í—Å–µ–º –ø—Ä–∏–≤–µ—Ç! –°–µ–≥–æ–¥–Ω—è –º–æ–π –æ—Ç–∑—ã–≤ –±—É–¥–µ—Ç –æ –ø–∏–≤–µ Perroni. –ò–Ω—Ç–µ—Ä–µ—Å–Ω—ã–π –≤–∞—Ä–∏–∞–Ω—Ç –∏–∑ —Å–∞–º–æ–π –ò—Ç–∞–ª–∏–∏. –Ø —Ç–∞–∫ –ø–æ–Ω–∏–º–∞—é, –≤ —Å–∞–º–æ–π –ò—Ç–∞–ª–∏–∏ —ç—Ç–æ –ø–∏–≤–æ –ø—å—é—Ç —á–∞—â–µ –¥—Ä—É–≥–∏—Ö. –î–æ–≤–æ–ª—å–Ω–æ —Ö–æ–¥–æ–≤–æ–µ –æ–Ω–æ –≤ —Å–≤–æ–µ–π —Å—Ç—Ä–∞–Ω–µ. –ß–∞—Å—Ç–æ —Ç–∞–∫–æ–µ –Ω–∞–∑–≤–∞–Ω–∏–µ –≤—Å—Ç—Ä–µ—á–∞–ª–æ—Å—å –º–Ω–µ –Ω–∞ —Å—Ç–∏–∫–µ—Ä–∞—Ö –≤ –±–∞—Ä–∞—Ö. –°–∞–º–æ –ø–∏–≤–æ —É–≤–∏–¥–µ–ª–∞ –≤ —Å–µ—Ç–∏ –º–∞–≥–∞–∑–∏–Ω–æ–≤ ""–ê—Ä–æ–º–∞—Ç–Ω—ã–π –º–∏—Ä"" . –ü–æ —Ü–µ–Ω–µ –±—ã–ª–æ 100 —Ä—É–±–ª–µ–π, —á—Ç–æ –≤–ø–æ–ª–Ω–µ —É—Å—Ç—Ä–æ–∏–ª–æ. –ó–∞—Ö–æ—Ç–µ–ª–æ—Å—å –ø–æ–ø—Ä–æ–±–æ–≤–∞—Ç—å —ç—Ç—É –Ω–æ–≤–∏–Ω–æ—á–∫—É. –î–∏–∑–∞–π–Ω –æ—á–µ–Ω—å –ø—Ä–æ—Å—Ç–æ–π, –Ω–æ –ø—Ä–∏ —ç—Ç–æ–º —Å–æ –≤–∫—É—Å–æ–º. –ö—Ä–∞—Å–∏–≤–∞—è –ø—Ä–æ—Å—Ç–∞—è –∏ —Å–¥–µ—Ä–∂–∞–Ω–Ω–∞—è —ç—Ç–∏–∫–µ—Ç–∫–∞. –û—á–µ–Ω—å –æ—Ç–ª–∏—á–Ω–æ–µ —Ä–µ—à–µ–Ω–∏–µ. –û–±—å–µ–º 0.33 –º–ª. –ê–ª–∫–æ–≥–æ–ª—å 5.1%. –ü–æ–ø—Ä–æ–±–æ–≤–∞–ª–∞ –∑–∞ —É–∂–∏–Ω–æ–º. –í–∫—É—Å —É –ø–∏–≤–∞ –Ω–µ –æ—á–µ–Ω—å –≤—ã—Ä–∞–∂–µ–Ω–Ω—ã–π. –û–±—ã—á–Ω—ã–π. –î–æ–≤–æ–ª—å–Ω–æ –∫–ª–∞—Å—Å–∏—á–µ—Å–∫–∏–π, –Ω–æ –Ω–∏—á–µ–≥–æ –Ω–µ–æ–±—ã—á–Ω–æ–≥–æ –≤ –Ω–µ–º –Ω–µ –∑–∞–º–µ—Ç–∏–ª–∞. –û—á–µ–Ω—å –Ω–∞–ø–æ–º–∏–Ω–∞–µ—Ç –æ–±—ã—á–Ω—É—é –ë–∞–ª—Ç–∏–∫—É. –ù–æ –ø–æ –∫–∞—á–µ—Å—Ç–≤—É, –Ω–µ—Å–æ–º–Ω–µ–Ω–Ω–æ, –∫—É–¥–∞ –≤—ã—à–µ. –ù–µ —á—É–≤—Å—Ç–≤—É–µ—Ç—Å—è —Å–ø–∏—Ä—Ç–∞. –•–æ—Ç—è –∏ –≥—Ä–∞–¥—É—Å –≤—ã—Å–æ–∫–∏–π, –Ω–æ –Ω–∞ —Ç–∞–∫—É—é –±—É—Ç—ã–ª–æ—á–∫—É –≤—Å–µ –æ—á–µ–Ω—å –≥–∞—Ä–º–æ–Ω–∏—á–Ω–æ —Ä–∞—Å—Å—á–∏—Ç–∞–Ω–æ. –°–æ—Å—Ç–∞–≤ —É –ø–∏–≤–∞ —Ç–æ–∂–µ –æ—á–µ–Ω—å —Ö–æ—Ä–æ—à–∏–π. –ù–µ—Ç –Ω–∏—á–µ–≥–æ –ª–∏—à–Ω–µ–≥–æ. –ï–¥–∏–Ω—Å—Ç–≤–µ–Ω–Ω–æ–µ —É–¥–∏–≤–∏–ª–∞ –∫—É–∫—É—Ä—É–∑–Ω–∞—è –º—É–∫–∞. –ù–æ, –≤–æ–∑–º–æ–∂–Ω–æ, —ç—Ç–æ –¥–æ–±–∞–≤–ª—è–µ—Ç –≤–∫—É—Å–∞. –¶–≤–µ—Ç –∫–ª–∞—Å—Å–∏—á–µ—Å–∫–∏–π, —Å–æ–ª–æ–º–µ–Ω–Ω—ã–π. –ê—Ä–æ–º–∞—Ç –ø—Ä–∏—è—Ç–Ω—ã–π, —Ö–º–µ–ª—å–Ω–æ–π. –û–¥–∏–Ω —Ä–∞–∑ –ø–æ–ø—Ä–æ–±–æ–≤–∞—Ç—å –¥–æ–≤–æ–ª—å–Ω–æ –∏–Ω—Ç–µ—Ä–µ—Å–Ω–æ, –Ω–æ –±–æ–ª—å—à–µ –≤—Ä—è–¥ –ª–∏ –∫—É–ø–ª—é. ",3
0,https://irecommend.ru//content/po-vkusu-pivo-mne-ponravilos-ono-vkusnoe-so-vkusom-tropicheskikh-fruktov-petsya-legko-sovers,"
–ü–æ –≤–∫—É—Å—É –ø–∏–≤–æ –º–Ω–µ –ø–æ–Ω—Ä–∞–≤–∏–ª–æ—Å—å, –û–Ω–æ –≤–∫—É—Å–Ω–æ–µ, —Å–æ –≤–∫—É—Å–æ–º —Ç—Ä–æ–ø–∏—á–µ—Å–∫–∏—Ö —Ñ—Ä—É–∫—Ç–æ–≤. –ü—å–µ—Ç—Å—è –ª–µ–≥–∫–æ, —Å–æ–≤–µ—Ä—à–µ–Ω–Ω–æ –Ω–µ —á—É–≤—Å—Ç–≤—É—é—Ç—Å—è –≥—Ä–∞–¥—É—Å—ã –≤ –Ω–∞–ø–∏—Ç–∫–µ ","–í—Å–µ–º –¥–æ–±—Ä–æ–≥–æ –≤—Ä–µ–º–µ–Ω–∏ —Å—É—Ç–æ–∫. –í —Å–≤–æ–∏—Ö –ø—Ä–µ–¥—ã–¥—É—â–∏—Ö –æ—Ç–∑—ã–≤–∞—Ö —è —É–∂–µ –∑–Ω–∞–∫–æ–º–∏–ª–∞ –í–∞—Å —Å –ü–∏–≤–º Carlsberg Seth&Riley's GARAGE Hard Lemon —Å –ü–∏–≤–æ–º Carlsberg Seth&Riley's GARAGE Hard Black Cherry Drink. –°–µ–≥–æ–¥–Ω—è —è —Ö–æ—á—É —Ä–∞—Å—Å–∫–∞–∑–∞—Ç—å –ø—Ä–æ –ü–∏–≤–æ Carlsberg Seth&Riley's Garage Hardcore Pineapple. –ü–æ–∫—É–ø–∞–ª–∞ —è –µ–≥–æ –≤ —Å—É–ø–µ—Ä–º–∞—Ä–∫–µ—Ç–µ ""–ú–∞–≥–Ω–∏—Ç"", –Ω–æ –¥—É–º–∞—é –∫—É–ø–∏—Ç—å –µ–≥–æ –º–æ–∂–Ω–æ –≤–µ–∑–¥–µ. –¶–µ–Ω–∞ –≤ —Ä–∞–π–æ–Ω–µ 70 —Ä—É–±–ª–µ–π –∑–∞ –±—É—Ç—ã–ª–æ—á–∫—É. –í–æ—Ç —Ç–∞–∫ –≤—ã–≥–ª—è–¥–∏—Ç –±—É—Ç—ã–ª–∫–∞ –í–ø–æ–ª–Ω–µ –æ–±—ã—á–Ω–∞—è, –Ω–∞ –Ω–µ–π —ç—Ç–∏–∫–µ—Ç–∫–∞ —Å –Ω–∞–∑–≤–∞–Ω–∏–µ–º –Ω–∞–ø–∏—Ç–∫–∞. –ù–∞ –æ–±—Ä–∞—Ç–Ω–æ–π —Å—Ç–æ—Ä–æ–Ω–µ —ç—Ç–∏–∫–µ—Ç–∫–∞ —Å –ø–æ–ª–µ–∑–Ω–æ–π –∏–Ω—Ñ–æ—Ä–º–∞—Ü–∏–µ–π.   –ù–∞ –∫–æ—Ç–æ—Ä–æ–π —É–∫–∞–∑–∞–Ω —Å—Ä–æ–∫ –≥–æ–¥–Ω–æ—Å—Ç–∏, –∏–Ω—Ñ–æ—Ä–º–∞—Ü–∏—è –æ –ø—Ä–æ–∏–∑–≤–æ–¥–∏—Ç–µ–ª–µ.    –£ –±—É—Ç—ã–ª–∫–µ —É–¥–æ–±–Ω–∞—è –∫—Ä—ã—à–∫–∞, –æ—Ç–∫—Ä—ã—Ç—å –µ–µ –Ω–µ —Å–æ—Å—Ç–∞–≤–ª—è–µ—Ç —Ç—Ä—É–¥–∞, —Å—Ç–æ–∏—Ç —Ç–æ–ª—å–∫–æ –ø–æ—Ç—è–Ω—É—Ç—å –∑–∞ –∫–æ–ª—å—Ü–æ.  –ù–∞–ª–∏–≤–∞—é –ø–∏–≤–æ –≤ –±–æ–∫–∞–ª –∏ –≤–∏–∂—É —Ö–æ—Ä–æ—à—É—é —Ç–∞–∫—É—é –ø–∏–≤–Ω—É—é –ø–µ–Ω–∫—É. –ö–æ—Ç–æ—Ä–∞—è –Ω–µ –æ—Å–µ–¥–∞–µ—Ç –Ω–µ–∫–æ—Ç–æ—Ä–æ–µ –≤—Ä–µ–º—è.  –ü–æ –≤–∫—É—Å—É –ø–∏–≤–æ –º–Ω–µ –ø–æ–Ω—Ä–∞–≤–∏–ª–æ—Å—å, –û–Ω–æ –≤–∫—É—Å–Ω–æ–µ, —Å–æ –≤–∫—É—Å–æ–º —Ç—Ä–æ–ø–∏—á–µ—Å–∫–∏—Ö —Ñ—Ä—É–∫—Ç–æ–≤. –ü—å–µ—Ç—Å—è –ª–µ–≥–∫–æ, —Å–æ–≤–µ—Ä—à–µ–Ω–Ω–æ –Ω–µ —á—É–≤—Å—Ç–≤—É—é—Ç—Å—è –≥—Ä–∞–¥—É—Å—ã –≤ –Ω–∞–ø–∏—Ç–∫–µ.  –ü—Ä–µ–∫—Ä–∞—Å–Ω–æ –ø–æ–¥–æ–π–¥–µ—Ç –¥–µ–≤—É—à–∫–∞–º –ª—é–±—è—â–∏–º —ç–∫–∑–æ—Ç–∏—á–µ—Å–∫–∏–µ –∫–æ–∫—Ç–µ–π–ª–∏. –†–µ–∫–æ–º–µ–Ω–¥—É—é –∫ –ø–æ–∫—É–ø–∫–µ. ",4
0,https://irecommend.ru//content/ocherednoi-vydumannyi-brend-dlya-stran-sng,"
–û—á–µ—Ä–µ–¥–Ω–æ–π –≤—ã–¥—É–º–∞–Ω–Ω—ã–π –±—Ä–µ–Ω–¥ –¥–ª—è —Å—Ç—Ä–∞–Ω –°–ù–ì ","–ù–∞ —Å—É–∂–∞—é—â–∏—Ö—Å—è –æ—Ç –∏–º–ø–æ—Ä—Ç–∞ –ø–æ–ª–∫–∞—Ö –∫—Ä—É–ø–Ω—ã—Ö —Å–µ—Ç–µ–≤—ã—Ö –º–∞–≥–∞–∑–∏–Ω–æ–≤ –ø–æ—è–≤–∏–ª—Å—è –Ω–æ–≤—ã–π –ø–∏–≤–Ω–æ–π –±—Ä–µ–Ω–¥ –∏–∑ –§—Ä–∞–Ω—Ü–∏–∏""D'atour""–æ—Ç –∏–∑–≤–µ—Å—Ç–Ω–æ–π –ø–∏–≤–æ–≤–∞—Ä–Ω–∏ ""Brasserie Champigneulles"",–ø–æ–∫–∞ —Å –æ–¥–Ω–∏–º –µ–¥–∏–Ω—Å—Ç–≤–µ–Ω–Ω—ã–º —Å–≤–µ—Ç–ª—ã–º —Å–æ—Ä—Ç–æ–º –≤ —Å—Ç–∏–ª–µ –±–µ–ª—å–≥–∏–π—Å–∫–æ–≥–æ –∞–±–±–∞—Ç—Å–∫–æ–≥–æ —ç–ª—è. –ö–∞–∫–æ–≤ –Ω–∞ –≤–∫—É—Å —ç—Ç–æ—Ç –Ω–æ–≤—ã–π –ø—Ä–æ–¥—É–∫—Ç –∏ —Å–º–æ–∂–µ—Ç –ª–∏ –æ–Ω –∑–∞–º–µ–Ω–∏—Ç—å —É–∂–µ –ø–æ–ª—é–±–∏–≤—à–∏—Ö—Å—è –Ω–∞–º –±–µ—Å—Ç—Å–µ–ª–ª–µ—Ä–æ–≤ –≤ —ç—Ç–æ–º —Å–æ—Ä—Ç–æ–≤–æ–º —Å–µ–≥–º–µ–Ω—Ç–µ? D'arour Royal Blonde(–î–∞—Ç—É—Ä –†–æ–π–∞–ª –ë–ª–æ–Ω–¥)–ê–ª–∫.6,2%,–≠–ù–°.14%–í—ã—Å–æ–∫–æ–µ –±—Ä–æ–∂–µ–Ω–∏–µ–§—Ä–∞–Ω—Ü–∏—è, –≥.–®–∞–º–ø–∏–Ω—å–æ–ª—åBrasserie Champigneulles SASBBy TCB Beverage –ò–º–ø–æ—Ä—Ç–∏—Ä—É–µ—Ç—Å—è —Ç–æ–ª—å–∫–æ –≤ –≤–µ—Ä—Å–∏–∏ –≤ –∂/–±. –¶–≤–µ—Ç —è–Ω—Ç–∞—Ä–Ω—ã–π. –í –∞—Ä–æ–º–∞—Ç–µ —Å–æ–ª–æ–¥ –∏ –Ω–µ–º–Ω–æ–≥–æ —Ö–º–µ–ª—è. –ü–µ–Ω–∞ –æ–±—Ä–∞–∑—É–µ—Ç—Å—è –ø—ã—à–Ω–∞—è –º–µ–ª–∫–æ–ø–æ—Ä–∏—Å—Ç–∞—è —Å –Ω–µ–±–æ–ª—å—à–æ–π –ø—ã—à–Ω–æ–π —à–∞–ø–∫–æ–π, –¥–µ—Ä–∂–∏—Ç—Å—è –¥–æ–ª–≥–æ –∏ –æ—Å—Ç–∞—ë—Ç—Å—è –Ω–∞ —Å—Ç–µ–Ω–∫–∞—Ö –±–æ–∫–∞–ª–∞. –ö–∞—Ä–±–æ–Ω–∏–∑–∞—Ü–∏—è —Å—Ä–µ–¥–Ω—è—è. –í–∫—É—Å –º—è–≥–∫–∏–π, –Ω–∞—Å—ã—â–µ–Ω–Ω—ã–π, –¥–æ–≤–æ–ª—å–Ω–æ —Å–ª–æ–∂–Ω—ã–π, —Å —É–º–µ—Ä–µ–Ω–Ω–æ–π –ø—Ä—è–Ω–æ–π –≥–æ—Ä—á–∏–Ω–∫–æ–π –∏ –∫–∞—Ä–∞–º–µ–ª—å–Ω–æ-—Ü–≤–µ—Ç–æ—á–Ω—ã–º–∏ –Ω–æ—Ç–∞–º–∏, –∞ —Ç–∞–∫–∂–µ –æ—â—É—â–∞—é—Ç—Å—è –º–µ–¥–æ–≤—ã–µ –∏ —Ñ—Ä—É–∫—Ç–æ–≤—ã–µ –Ω–æ—Ç—ã –≤ –¥–æ–≤–æ–ª—å–Ω–æ –ø—Ä–æ–¥–æ–ª–∂–∏—Ç–µ–ª—å–Ω–æ–º –ø–æ—Å–ª–µ–≤–∫—É—Å–∏–∏. –í —Ü–µ–ª–æ–º ,—ç—Ç–æ –¥–æ–±—Ä–æ—Ç–Ω—ã–π —ç–ª—å –≤ –±–µ–ª—å–≥–∏–π—Å–∫–æ–º –∞–±–±–∞—Å—Ç–∫–æ–º —Å—Ç–∏–ª–µ —Å–æ –≤—Å–µ–º–∏ —Ö–æ—Ä–æ—à–∏–º–∏ –æ—Ä–≥–∞–Ω–æ–ª–µ–ø—Ç–∏—á–µ—Å–∫–∏–º–∏ —Ö–∞—Ä–∞–∫—Ç–µ—Ä–∏—Å—Ç–∏–∫–∞–º–∏ –∏ –≤ –ø—Ä–∏–Ω—Ü–∏–ø–µ –¥–æ—Å—Ç–æ–π–Ω–∞—è –∑–∞–º–µ–Ω–∞ –º–∞—Å—Å–æ–≤—ã—Ö –µ–≤—Ä–æ –∫–æ–Ω–∫—É—Ä–µ–Ω—Ç–æ–≤ —É—à–µ–¥—à–∏—Ö —Å –†–æ—Å—Å–∏–π—Å–∫–æ–≥–æ —Ä—ã–Ω–∫–∞(Leffe,Grimbergen –∏ —Ç.–¥.). –≠—Ç–æ—Ç —Å–æ—Ä—Ç —Ç–æ—á—å –≤ —Ç–æ—á—å –ø–æ –≤—Å–µ–º —Ö–∞—Ä–∞–∫—Ç–µ—Ä–∏—Å—Ç–∏–∫–∞–º –∏ –æ–ø–∏—Å–∞–Ω–∏—é —Å–æ–æ—Ç–≤–µ—Ç—Å—Ç–≤—É–µ—Ç —Å–æ—Ä—Ç—É ""Biere Abbaye""–æ—Ç —ç—Ç–æ–π –∂–µ –ø–∏–≤–æ–≤–∞—Ä–Ω–∏. –í—Å–µ –¥–µ–ª–æ –≤ —Ç–æ–º, —á—Ç–æ —ç—Ç–∞ –ø–∏–≤–æ–≤–∞—Ä–Ω—è ""Champigneulles"" –≤—ã–ø—É—Å–∫–∞–µ—Ç —Å–≤–æ–µ –ø–∏–≤–æ —Ä–∞–∑–Ω—ã—Ö —Å–æ—Ä—Ç–æ–≤ —Ç–æ–ª—å–∫–æ –ø–æ–¥ —Å–≤–æ–∏–º –Ω–∞–∏–º–µ–Ω–æ–≤–∞–Ω–∏–µ–º, –∞ —ç—Ç–æ—Ç –ø—Ä–æ–¥—É–∫—Ç(–±—Ä–µ–Ω–¥), –Ω–∞–≤–æ–¥–∏—Ç –Ω–∞ –º—ã—Å–ª—å,—á—Ç–æ —Å–ø–µ—Ü–∏–∞–ª—å–Ω–æ —Å–æ–∑–¥–∞–Ω –∏ –∑–∞–∫–∞–∑–∞–Ω –∏–º–ø–æ—Ä—Ç–µ—Ä–æ–º(–ì–ª–æ–±–∞–ª –∏–º–ø–æ—Ä—Ç —É–∂–µ –∑–Ω–∞–∫–æ–º –Ω–∞–º –ø–æ –¥—Ä—É–≥–∏–º —Å–æ–∑–¥–∞–Ω–Ω—ã–º —Å–ø–µ—Ü–∏–∞–ª—å–Ω–æ –¥–ª—è –Ω–∞—à–µ–≥–æ —Ä–æ—Å—Å–∏–π—Å–∫–æ–≥–æ —Ä—ã–Ω–∫–∞-Thron,Eboshi –∏ —Ç.–¥.), –≤–µ–¥—å –Ω–∞ –æ—Ñ–∏—Ü–∏–∞–ª—å–Ω–æ–º —Å–∞–π—Ç–µ —ç—Ç–æ–π –ø–∏–≤–æ–≤–∞—Ä–Ω–∏ –ø—Ä–æ —ç—Ç–æ—Ç –ø–∏–≤–Ω–æ–π –±—Ä–µ–Ω–¥ –Ω–µ—Ç –Ω–∏ –æ–¥–Ω–æ–≥–æ —Å–ª–æ–≤–∞ –∏ —É–ø–æ–º–∏–Ω–∞–Ω–∏—è. –í–æ—Ç —Ç–æ–ª—å–∫–æ —Å–æ–ª—å –≤ —Ç–æ–º, —á—Ç–æ —ç—Ç–æ—Ç –≤—ã–¥—É–º–∞–Ω–Ω—ã–π —Å–æ—Ä—Ç —Å—Ç–æ–∏—Ç –¥–æ—Ä–æ–∂–µ,—á–µ–º –æ—Ä–∏–≥–∏–Ω–∞–ª!–ö–∞–∑–∞–ª–æ—Å—å –±—ã –≤—Å–µ –¥–æ–ª–∂–Ω–æ –±—ã—Ç—å –Ω–∞–æ–±–æ—Ä–æ—Ç...–ù–æ –Ω–µ—Ç, —á–∏—Å—Ç—ã–π –±–∏–∑–Ω–µ—Å –ø–æ-–µ–≤—Ä–µ–π—Å–∫–∏-—Ä—É—Å—Å–∫–∏! –°–∞–º –æ—Ä–∏–≥–∏–Ω–∞–ª –ø—Ä–æ–¥–∞–µ—Ç—Å—è –∏—Å–∫–ª—é—á–∏—Ç–µ–ª—å–Ω–æ –≤ —Å–µ—Ç–∏ ""–ö–∏–ë"",—ç—Ç–∞ –∂–µ —Å–µ—Ç—å –ø–æ —Å—É—Ç–∏ –∏ —è–≤–ª—è–µ—Ç—Å—è –ø—Ä—è–º—ã–º –∏–º–ø–æ—Ä—Ç—ë—Ä–æ–º, –∫ —Ç–æ–º—É –∂–µ —Å—Ç–æ–∏—Ç —Ç–æ–ª—å–∫–æ –Ω–∏–∂–µ, –≤ —Ä–∞–π–æ–Ω–µ 89‚ÇΩ. –ê —ç—Ç–æ—Ç –ø—Ä–æ–¥—É–∫—Ç –æ—Ç 99‚ÇΩ(–ø–æ –∞–∫—Ü–∏–∏) –∏ –≤—ã—à–µ! –ò –∏–º–µ–Ω–Ω–æ –ø–æ—ç—Ç–æ–º—É —ç—Ç–æ—Ç –ø—Ä–æ–¥—É–∫—Ç –ø–æ –∑–∞–≤—ã—à–µ–Ω–Ω–æ–π —Ü–µ–Ω–µ —è –Ω–µ –±—É–¥—É —Ä–µ–∫–æ–º–µ–Ω–¥–æ–≤–∞—Ç—å, —Ö–æ—Ç—è –µ—â—ë —Ç–∞–∫–∂–µ –≤–æ–∑–º–æ–∂–Ω–æ, —á—Ç–æ –Ω–∞ –Ω–µ–∫–æ—Ç–æ—Ä—ã—Ö –∫–æ–º–ø–æ–Ω–µ–Ω—Ç–∞—Ö, –∏—Ö –∫–∞—á–µ—Å—Ç–≤–µ, —Ç–∞–∫–∂–µ –º–æ–≥–ª–∏ —Å—ç–∫–æ–Ω–æ–º–∏—Ç—å –∏ —É—Ä–µ–∑–∞—Ç—å, –ø—Ä–æ—Å–ª–µ–¥–∏—Ç—å —ç—Ç–æ –ø—Ä–æ—Å—Ç–æ –Ω–µ–≤–æ–∑–º–æ–∂–Ω–æ...–ù–æ –≤ —Ü–µ–ª–æ–º –ø—Ä–æ–¥—É–∫—Ç –≤–ø–æ–ª–Ω–µ –¥–æ–±—Ä–æ—Ç–Ω—ã–π, –µ—Å–ª–∏ –±—ã –Ω–µ –Ω–µ—Å–∫–æ–ª—å–∫–æ –Ω–æ ... –°–ø–∞—Å–∏–±–æ –∑–∞ –≤–Ω–∏–º–∞–Ω–∏–µ –∏ –≤—Å–µ–º –Ω–æ–≤—ã—Ö –≥–∞—Å—Ç—Ä–æ–Ω–æ–º–∏—á–µ—Å–∫–∏—Ö –æ—Ç–∫—Ä—ã—Ç–∏–π! ",3
0,https://irecommend.ru//content/velikolepnoe-kraftovoe-pivo-kholodnogo-okhmeleniya,"
–í–µ–ª–∏–∫–æ–ª–µ–ø–Ω–æ–µ –∫—Ä–∞—Ñ—Ç–æ–≤–æ–µ –ø–∏–≤–æ —Ö–æ–ª–æ–¥–Ω–æ–≥–æ –æ—Ö–º–µ–ª–µ–Ω–∏—è  ","–†–µ–≥–∏–æ–Ω–∞–ª—å–Ω—ã–µ –ø–∏–≤–Ω—ã–µ –±—Ä–µ–Ω–¥—ã –≤—Å–µ –±–æ–ª—å—à–µ —Ä–∞—Å—à–∏—Ä—è—é—Ç —Å–≤–æ–µ –ø—Ä–∏—Å—É—Ç—Å—Ç–≤–∏–µ –Ω–∞ —Ä–∞—Å—Ç—É—â–µ–º —Ä–æ—Å—Å–∏–π—Å–∫–æ–º —Ä—ã–Ω–∫–µ, –∑–∞–Ω–∏–º–∞—è —Ä–∞–∑–Ω—ã–µ —Å–æ—Ä—Ç–æ–≤—ã–µ –Ω–∏—à–∏ –∏ –ø—Ä–µ–¥–ª–∞–≥–∞—è –Ω–æ–≤—ã–µ —Ä–µ—à–µ–Ω–∏—è. –°–µ–≥–æ–¥–Ω—è —Ö–æ—Ç–µ–ª –±—ã –ø–æ–¥–µ–ª–∏—Ç—å—Å—è –æ—Ç–∑—ã–≤–æ–º –æ –ª–µ–≥–µ–Ω–¥–∞—Ä–Ω–æ–º –ø–∏–≤–Ω–æ–º –∑–∞–≤–æ–¥–µ""–¢–æ–º—Å–∫–æ–µ –ø–∏–≤–æ"", –∏ –µ–≥–æ –∫–æ–∞—Ñ—Ç–æ–≤–æ–º —Å–æ—Ä—Ç–µ ""–•–æ–ª–æ–¥–Ω—ã–π –•–º–µ–ª—å"",–∫–æ—Ç–æ—Ä—ã–π —Ä–∞–Ω—å—à–µ –±—ã–ª –∏–∑–≤–µ—Å—Ç–µ–Ω —Ç–æ–ª—å–∫–æ —É —Å–µ–±—è –≤ –¢–æ–º—Å–∫–µ –∏ –±–ª–∏–∑–ª–µ–∂–∞–π—à–∏—Ö —Ä–µ–≥–∏–æ–Ω–∞—Ö. –ù–æ —Ç–µ–ø–µ—Ä—å —ç—Ç–æ –ø–∏–≤–æ –º–æ–∂–Ω–æ –≤—Å—Ç—Ä–µ—Ç–∏—Ç—å –≤ –∫—Ä—É–ø–Ω–æ–π —Å–µ—Ç–∏ ""–ö–∏–ë"". –•–æ–ª–æ–¥–Ω—ã–π —Ö–º–µ–ª—å–ê–ª–∫.4,9%,–≠–ù–°.12%–ù–∏–∑–æ–≤–æ–µ –±—Ä–æ–∂–µ–Ω–∏–µ–ö—Ä–∞—Ñ—Ç–æ–≤–æ–µ –ø–∏–≤–æ–†–æ—Å—Å–∏—è,–≥.–¢–æ–º—Å–∫–¢–æ–º—Å–∫–æ–µ –ø–∏–≤–æ –°–æ—Å—Ç–∞–≤:–í–æ–¥–∞, —Å–æ–ª–æ–¥ —Å–≤–µ—Ç–ª—ã–π —è—á–º–µ–Ω–Ω—ã–π, —Ö–º–µ–ª–µ–ø—Ä–æ–¥—É–∫—Ç—ã (—Ö–º–µ–ª—å –≥—Ä–∞–Ω—É–ª–∏—Ä–æ–≤–∞–Ω–Ω—ã–π). –ö–ª–∞—Å—Å–∏—á–µ—Å–∫–∞—è —Ç–µ–º–Ω–∞—è —Å—Ç–µ–∫–ª—è–Ω–Ω–∞—è –±—É—Ç—ã–ª–∫–∞. –¶–≤–µ—Ç –∑–æ–ª–æ—Ç–∏—Å—Ç—ã–π. –ê—Ä–æ–º–∞—Ç —Ö–º–µ–ª–µ–≤–æ–π,—Ñ—Ä—É–∫—Ç–æ–≤—ã–π. –ü–µ–Ω–∞ –æ–±—Ä–∞–∑—É–µ—Ç—Å—è —Å—Ä–µ–¥–Ω—è—è,–¥–µ—Ä–∂–∏—Ç—Å—è —Ç–∞–∫–∂–µ —Å—Ä–µ–¥–Ω–µ –∏ –Ω–µ–º–Ω–æ–≥–æ –ª–∏—à—å –æ—Å—Ç–∞—ë—Ç—Å—è –Ω–∞ —Å—Ç–µ–Ω–∫–∞—Ö –±–æ–∫–∞–ª–∞. –ö–∞—Ä–±–æ–Ω–∏–∑–∞—Ü–∏—è —Å—Ä–µ–¥–Ω—è—è. –¢–µ–ª–æ —Å—Ä–µ–¥–Ω–µ–ø–ª–æ—Ç–Ω–æ–µ. –í–∫—É—Å –æ—á–µ–Ω—å –º—è–≥–∫–∏–π, –æ—Å–≤–µ–∂–∞—é—â–∏–π, –Ω–∞—Å—ã—â–µ–Ω–Ω—ã–π, –Ω–æ —Å —É—Ç–æ–Ω—á–µ–Ω–Ω–æ–π —Å–ª–µ–≥–∫–∞ –ø—Ä—è–Ω–æ–π –≥–æ—Ä—á–∏–Ω–∫–æ–π –∏ —Ü–≤–µ—Ç–æ—á–Ω–æ-—Å–æ–ª–æ–¥–æ–≤—ã –∏ –Ω–æ—Ç–∞–º–∏ –≤ –¥–æ–≤–æ–ª—å–Ω–æ –ø—Ä–æ–¥–æ–ª–∂–∏—Ç–µ–ª—å–Ω–æ–º –ø–æ—Å–ª–µ–≤–∫—É—Å–∏–∏.  –ü—Ä–∏ –ø—Ä–∏–≥–æ—Ç–æ–≤–ª–µ–Ω–∏–∏ —Ç–∞–∫–æ–≥–æ –ø–∏–≤–∞ —Ö–º–µ–ª—è –¥–æ–±–∞–≤–ª—è–µ—Ç—Å—è –≤ –¥–≤–∞ —Ä–∞–∑–∞ –±–æ–ª—å—à–µ, —á–µ–º –≤ –æ–±—ã—á–Ω—ã–µ —Å–æ—Ä—Ç–∞, –∏ –ø–æ—ç—Ç–æ–º—É –≤ —ç—Ç–æ–º –ø–∏–≤–µ –≤ –ø–æ–ª–Ω–æ–π –º–µ—Ä–µ —Ä–∞—Å–∫—Ä—ã–≤–∞—é—Ç—Å—è —Ç–æ–Ω–∫–∏–µ –æ—Ç—Ç–µ–Ω–∫–∏ –∞—Ä–æ–º–∞—Ç–Ω–æ–≥–æ —Ö–º–µ–ª—è, –∏ –≤–∫—É—Å –ø–∏–≤–∞ —Å—Ç–∞–Ω–æ–≤–∏—Ç—Å—è —è—Ä–∫–∏–º –∏ –∑–∞–ø–æ–º–∏–Ω–∞—é—â–∏–º—Å—è. –í —Ü–µ–ª–æ–º, –æ—Ç–ª–∏—á–Ω—ã–π –∫—Ä–∞—Ñ—Ç–æ–≤—ã–π –ø—Ä–æ–¥—É–∫—Ç —Å –æ—Ç–ª–∏—á–Ω—ã–º–∏ —Ö–∞—Ä–∞–∫—Ç–µ—Ä–∏—Å—Ç–∏–∫–∞–º–∏, –æ—Å–≤–µ–∂–∞—é—â–∏–π ,–º—è–≥–∫–∏–π, –ø–∏—Ç–∫–∏–π –∏ –∞—Ä–æ–º–∞—Ç–Ω—ã–π! –ê —Ü–µ–Ω–∞ –¥–ª—è —ç—Ç–æ–≥–æ –∫—Ä–∞—Ñ—Ç–∞ –æ—á–µ–Ω—å –ø—Ä–∏–≤–ª–µ–∫–∞—Ç–µ–ª—å–Ω–∞—è! –ë–æ–ª–µ–µ —Ç–æ–≥–æ —Å —á–µ—Å—Ç–Ω—ã–º –æ–±—ä—ë–º–æ–º 0,5–ª.,—á—Ç–æ –Ω–∞ —Å–µ–≥–æ–¥–Ω—è—à–Ω–∏–π –¥–µ–Ω—å —è–≤–ª—è–µ—Ç—Å—è —Ä–µ–¥–∫–æ—Å—Ç—å—é –¥–ª—è —Ä–æ—Å—Å–∏–π—Å–∫–∏—Ö –ø—Ä–æ–∏–∑–≤–æ–¥–∏—Ç–µ–ª–µ–π. –ù–∞ –º–æ–π –≤–∑–≥–ª—è–¥, —ç—Ç–æ—Ç –æ—Ç–µ—á–µ—Å—Ç–≤–µ–Ω–Ω—ã–π –ø—Ä–æ–¥—É–∫—Ç –≤–ø–æ–ª–Ω–µ –æ—á–µ–Ω—å –¥–æ—Å—Ç–æ–π–Ω–æ –º–æ–∂–µ—Ç —Å—Ç–∞—Ç—å –∏–º–ø–æ—Ä—Ç–æ–∑–∞–º–µ—â–µ–Ω–∏–µ–º –∏ –±–æ–ª–µ–µ —Ç–æ–≥–æ, —ç—Ç–æ—Ç –ø—Ä–æ–¥—É–∫—Ç –ª—É—á—à–µ –º–Ω–æ–≥–∏—Ö –Ω–µ–º–µ—Ü–∫–∏—Ö –∏ –¥–∞–∂–µ –∏–º–µ–Ω–∏—Ç—ã—Ö –µ–≤—Ä–æ–ø–µ–π—Å–∫–∏—Ö –º–∞—Å—Å–æ–≤—ã—Ö –ø—Ä–æ–∏–∑–≤–æ–¥–∏—Ç–µ–ª–µ–π –∞–Ω–∞–ª–æ–≥–∏—á–Ω–æ–≥–æ —Å–æ—Ä—Ç–∞! –°–ø–∞—Å–∏–±–æ –∑–∞ –≤–Ω–∏–º–∞–Ω–∏–µ –∏ –≤—Å–µ–º –Ω–æ–≤—ã—Ö –≥–∞—Å—Ç—Ä–æ–Ω–æ–º–∏—á–µ—Å–∫–∏—Ö –æ—Ç–∫—Ä—ã—Ç–∏–π! ",5
0,https://irecommend.ru//content/obychnoe-posredstvennoe-zhivoe-yuzhnoepivo,"
–û–±—ã—á–Ω–æ–µ –ø–æ—Å—Ä–µ–¥—Å—Ç–≤–µ–Ω–Ω–æ–µ ""–∂–∏–≤–æ–µ"" —é–∂–Ω–æ–µ–ø–∏–≤–æ  ","–ù–∞ –ø–æ–ª–∫–∞—Ö –º–∞–≥–∞–∑–∏–Ω–æ–≤ —é–∂–Ω–æ–≥–æ —Ä–µ–≥–∏–æ–Ω–∞(–ö—Ä–∞—Å–Ω–æ–¥–∞—Ä—Å–∫–æ–≥–æ –∫—Ä–∞—è)–∫—Ä—É–ø–Ω—ã—Ö —Å–µ—Ç–µ–≤—ã—Ö –∏ —Å–∞–º—ã—Ö –æ–±—ã—á–Ω—ã—Ö, –ø–æ—è–≤–∏–ª—Å—è –Ω–æ–≤—ã–π –ª–æ–∫–∞–ª—å–Ω—ã–π –ø–∏–≤–Ω–æ–π –∏–≥—Ä–æ–∫""–ê—Ñ–∏–ø—Å–∫–æ–µ"" —Å –Ω–µ—Å–∫–æ–ª—å–∫–∏–º–∏ —Å–æ—Ä—Ç–∞–º–∏. –û–± –æ–¥–Ω–æ–º –∏–∑ –Ω–∏—Ö —è —Ö–æ—Ç–µ–ª –±—ã –ø–æ–¥–µ–ª–∏—Ç—å—Å—è –º–∞–∫—Å–∏–º–∞–ª—å–Ω–æ –æ–±—ä–µ–∫—Ç–∏–≤–Ω—ã–º –æ—Ç–∑—ã–≤–æ–º. –ê—Ñ–∏–ø—Å–∫–æ–µ —Å–≤–µ—Ç–ª–æ–µ –Ω–µ–ø–∞—Å—Ç–µ—Ä–∏–∑–æ–≤–∞–Ω–Ω–æ–µ –ê–ª–∫.4,5%,–≠–ù–°.12% –ù–∏–∑–æ–≤–æ–µ –±—Ä–æ–∂–µ–Ω–∏–µ –ê–°–ë –≥—Ä—É–ø–ø –†–æ—Å—Å–∏—è,–ö—Ä–∞—Å–Ω–æ–¥–∞—Ä—Å–∫–∏–π –∫—Ä–∞–π –ü–≥—Ç.–ê—Ñ–∏–ø—Å–∫–∏–π –¶–≤–µ—Ç —Å–ª–µ–≥–∫–∞ –º—É—Ç–Ω–æ–≤–∞—Ç—ã–π –∑–æ–ª–æ—Ç–∏—Å—Ç—ã–π,—Å—Ç—Ä–∞–Ω–Ω–æ —Ö–æ—Ç—è –≤ —Ö–∞—Ä–∞–∫—Ç–µ—Ä–∏—Å—Ç–∏–∫–∞—Ö –∑–∞—è–≤–ª–µ–Ω–æ –∫–∞–∫ —Ñ–∏–ª—å—Ç—Ä–æ–≤–∞–Ω–Ω–æ–µ...–ê—Ä–æ–º–∞—Ç –æ—á–µ–Ω—å –±–ª–µ–¥–Ω—ã–π, –≥–¥–µ-—Ç–æ –æ—Ç–¥–∞–ª–µ–Ω–Ω–æ —Å–æ–ª–æ–¥–æ–≤—ã–π.–ü–µ–Ω—ã –ø–æ—á—Ç–∏ –Ω–µ—Ç, —Ç–æ—á–Ω–µ–µ –µ–µ –Ω–µ–º–Ω–æ–≥–æ –ø–æ—è–≤–∏–ª–æ—Å—å —è –æ—á–µ–Ω—å –±—ã—Å—Ç—Ä–æ –æ—Å–µ–ª–∞.–í–∫—É—Å –ª—ë–≥–∫–∏–π ,–æ—Å–≤–µ–∂–∞—é—â–∏–π —Å –µ–ª–µ —É–ª–æ–≤–∏–º–æ–π –≥–æ—Ä—á–∏–Ω–∫–æ–π –∏ –¥–∞–ª–µ–µ –æ–ø—è—Ç—å –∂–µ —Å–ª–∞–±–æ–µ –∫–∞—Ä–∞–º–µ–ª—å–Ω–æ-—Å–æ–ª–æ–¥–æ–≤–æ–µ –æ—á–µ–Ω—å –Ω–µ–≤–Ω—è—Ç–Ω–æ–µ,—Ä—ã–∑–º—ã—Ç–æ–µ –∏ –±—ã—Å—Ç—Ä–æ –ø—Ä–æ—Ö–æ–¥—è—â–µ–µ –ø–æ—Å–ª–µ–≤–∫—É—Å–∏–µ. –í —Ü–µ–ª–æ–º –æ–±—ã—á–Ω–æ–µ ""–∂–∏–≤–æ–µ –ø–∏–≤–æ"" —Å —Ç–∏–ø–∏—á–Ω—ã–º –≤–∫—É—Å–æ–º –∏ —Ç–∏–ø–∏—á–Ω—ã–º–∏ —Å–∫—Ä–æ–º–Ω—ã–º–∏ –∏ —Å–∞–º—ã–º–∏ –æ–±—ã—á–Ω—ã–º–∏ –æ—Ä–≥–∞–Ω–æ–ª–µ–ø—Ç–∏—á–µ—Å–∫–∏–º–∏ —Ö–∞—Ä–∞–∫—Ç–µ—Ä–∏—Å—Ç–∏–∫–∞–º–∏...–î–∞–∂–µ –Ω–µ —Ö–æ—á–µ—Ç—Å—è –ø–æ—Ä–∞—Å—É–∂–¥–∞—Ç—å –∏ –≤–¥–∞–≤–∞—Ç—å—Å—è –≤ –¥–µ—Ç–∞–ª–∏,—Ö–æ—Ç—è –∫–∞–∫ –≤—Å–µ–≥–¥–∞ –∫—Ä–∞—Å–∏–≤–æ""–Ω–∞ –±—É–º–∞–≥–µ"", –∞ –≤ —Ü–µ–ª–æ–º –ø–æ—Å—Ä–µ–¥—Å—Ç–≤–µ–Ω–Ω—ã–π –ø—Ä–æ–¥—É–∫—Ç...–°–ø–∞—Å–∏–±–æ –∑–∞ –≤–Ω–∏–º–∞–Ω–∏–µ –∏ –≤—Å–µ–º –Ω–æ–≤—ã—Ö –≥–∞—Å—Ç—Ä–æ–Ω–æ–º–∏—á–µ—Å–∫–∏—Ö –æ—Ç–∫—Ä—ã—Ç–∏–π! ",2
0,https://irecommend.ru//content/legendarnyi-lager-teper-dostupnyi-po-vsei-rossii,"
–õ–µ–≥–µ–Ω–¥–∞—Ä–Ω—ã–π –õ–∞–≥–µ—Ä —Ç–µ–ø–µ—Ä—å –¥–æ—Å—Ç—É–ø–Ω—ã–π –ø–æ –≤—Å–µ–π –†–æ—Å—Å–∏–∏  ","–†–µ–≥–∏–æ–Ω–∞–ª—å–Ω—ã–µ –ø–∏–≤–Ω—ã–µ –±—Ä–µ–Ω–¥—ã –≤—Å–µ –±–æ–ª—å—à–µ —Ä–∞—Å—à–∏—Ä—è—é—Ç —Å–≤–æ–µ –ø—Ä–∏—Å—É—Ç—Å—Ç–≤–∏–µ –Ω–∞ —Ä–∞—Å—Ç—É—â–µ–º —Ä–æ—Å—Å–∏–π—Å–∫–æ–º —Ä—ã–Ω–∫–µ, –∑–∞–Ω–∏–º–∞—è —Ä–∞–∑–Ω—ã–µ —Å–æ—Ä—Ç–æ–≤—ã–µ –Ω–∏—à–∏ –∏ –ø—Ä–µ–¥–ª–∞–≥–∞—è –Ω–æ–≤—ã–µ —Ä–µ—à–µ–Ω–∏—è. –°–µ–≥–æ–¥–Ω—è —Ö–æ—Ç–µ–ª –±—ã –ø–æ–¥–µ–ª–∏—Ç—å—Å—è –æ—Ç–∑—ã–≤–æ–º –æ –ª–µ–≥–µ–Ω–¥–∞—Ä–Ω–æ–º –ø–∏–≤–Ω–æ–º –±—Ä–µ–Ω–¥–µ ""–ö—Ä—é–≥–µ—Ä"", –∫–æ—Ç–æ—Ä—ã–π —Ä–∞–Ω—å—à–µ –±—ã–ª –∏–∑–≤–µ—Å—Ç–µ–Ω —Ç–æ–ª—å–∫–æ —É —Å–µ–±—è –≤ –¢–æ–º—Å–∫–µ –∏ –±–ª–∏–∑–ª–µ–∂–∞–π—à–∏—Ö —Ä–µ–≥–∏–æ–Ω–∞—Ö. –ù–æ —Ç–µ–ø–µ—Ä—å —ç—Ç–æ –ø–∏–≤–æ –º–æ–∂–Ω–æ –≤—Å—Ç—Ä–µ—Ç–∏—Ç—å –≤ –∫—Ä—É–ø–Ω–æ–π —Å–µ—Ç–∏ ""–ö–∏–ë"". –ö—Ä—é–≥–µ—Ä —Ç—Ä–∞–¥–∏—Ü–∏–æ–Ω–Ω–æ–µ–ê–ª–∫.4,9%,–≠–ù–°.12%–†–æ—Å—Å–∏—è, –≥.–¢–æ–º—Å–∫–¢–æ–º—Å–∫–æ–µ –ø–∏–≤–æ–ó–∞–≤–æ–¥ –æ—Å–Ω–æ–≤–∞–Ω –≤ 1876–≥. –ø—Ä—É—Å—Å–∫–∏–º –ø–∏–≤–æ–≤–∞—Ä–æ–º –ö–∞—Ä–ª–æ–º –ö—Ä—é–≥–µ—Ä–æ–º, –∫–æ—Ç–æ—Ä—ã–π —Å—Ç–∞–ª –º–∞—Ä–∫–∏—Ä–æ–≤–∞—Ç—å –±—É—Ç—ã–ª–∫–∏ —Å –ø–∏–≤–æ–º —Å–≤–æ–µ–π —Ñ–∞–º–∏–ª–∏–µ–π. –í 1995 –≥–æ–¥—É –±—Ä–µ–Ω–¥ ¬´–ö—Ä—é–≥–µ—Ä¬ª –≤–µ—Ä–Ω—É–ª—Å—è –Ω–∞ –ø—Ä–∏–ª–∞–≤–∫–∏ —Ç–æ–º—Å–∫–∏—Ö –º–∞–≥–∞–∑–∏–Ω–æ–≤ –≤ —Ä–µ–∑—É–ª—å—Ç–∞—Ç–µ —Ä–µ—à–µ–Ω–∏—è –æ —Å–æ–∑–¥–∞–Ω–∏–∏ —Å–µ—Ä–∏–∏ —Å–æ—Ä—Ç–æ–≤, –Ω–∞–∑–≤–∞–Ω–Ω—ã—Ö –≤ —á–µ—Å—Ç—å –æ—Å–Ω–æ–≤–∞—Ç–µ–ª—è –ø—Ä–µ–¥–ø—Ä–∏—è—Ç–∏—è, –∞ —Ç–µ–ø–µ—Ä—å –≤–µ—Å—å –∞—Å—Å–æ—Ä—Ç–∏–º–µ–Ω—Ç –º–æ–∂–Ω–æ –ø—Ä–∏–æ–±—Ä–µ—Å—Ç–∏ –Ω–µ —Ç–æ–ª—å–∫–æ –ø–æ –≤—Å–µ–π –†–æ—Å—Å–∏–∏, –Ω–æ —Ç–∞–∫–∂–µ –∏ –≤ –ö–∏—Ç–∞–µ. –°—Ç–µ–∫–ª—è–Ω–Ω–∞—è –±—É—Ç—ã–ª–∫–∞ –∫–ª–∞—Å—Å–∏—á–µ—Å–∫–æ–π —Ñ–æ—Ä–º—ã –∏ —Ü–≤–µ—Ç–∞. –¶–≤–µ—Ç —Å–æ–ª–æ–º–µ–Ω–Ω—ã–π. –í –∞—Ä–æ–º–∞—Ç–µ —Ö–º–µ–ª—å. –ü–µ–Ω–∞ –æ–±—Ä–∞–∑—É–µ—Ç—Å—è –ø—ã—à–Ω–∞—è –º–µ–ª–∫–æ–ø–æ—Ä–∏—Å—Ç–∞—è , –∫–æ—Ç–æ—Ä–∞—è –¥–µ—Ä–∂–∏—Ç—Å—è –æ—á–µ–Ω—å –¥–æ–ª–≥–æ –∏ –º–Ω–æ–≥–æ –æ—Å—Ç–∞—ë—Ç—Å—è –Ω–∞ —Å—Ç–µ–Ω–∫–∞—Ö –±–æ–∫–∞–ª–∞. –ö–∞—Ä–±–æ–Ω–∏–∑–∞—Ü–∏—è —Å—Ä–µ–¥–Ω—è—è. –í–∫—É—Å –ª—ë–≥–∫–∏–π, –æ—Å–≤–µ–∂–∞—é—â–∏–π —Å —É–º–µ—Ä–µ–Ω–Ω–æ–π –≥–æ—Ä—á–∏–Ω–∫–æ–π –º–µ–¥–æ–≤–æ-—Ç—Ä—è–≤—è–Ω—ã–º–∏ –∏ –∑–∞–≤–µ—Ä—à–∞—é—à–∏–º–∏ —Å–æ–ª–æ–¥–æ–≤—ã–º–∏ –Ω–æ—Ç–∞–º–∏ –≤ –¥–æ–≤–æ–ª—å–Ω–æ –ø—Ä–æ–¥–æ–ª–∂–∏—Ç–µ–ª—å–Ω–æ–º –ø–æ—Å–ª–µ–≤–∫—É—Å–∏–∏. –í —ç—Ç–æ–º –ª–∞–≥–µ—Ä–µ —É–∑–Ω–∞–µ—Ç—Å—è —Ç–æ—Ç —Å–∞–º—ã–π –≤–∫—É—Å –±–ª–∞–≥–æ—Ä–æ–¥–Ω—ã—Ö –Ω–µ–º–µ—Ü–∫–∏—Ö —Ö–µ–ª–ª–µ–π, –∫—Å—Ç–∞—Ç–∏ –≤–µ–¥—å –æ—Å–Ω–æ–≤–∞—Ç–µ–ª–µ–º –ø–∏–≤–æ–≤–∞—Ä–Ω–∏ —è–≤–ª—è–µ—Ç—Å—è –ø—Ä—É—Å—Å–∫–∏–π –ø–∏–≤–æ–≤–∞—Ä –ö–∞—Ä–ª –ö—Ä—é–≥–µ—Ä, –≤ —á–µ—Å—Ç—å –∫–æ—Ç–æ—Ä–æ–≥–æ –∏ –Ω–∞–∑–≤–∞–Ω–æ —ç—Ç–æ –ø–∏–≤–æ, –∞ —Ç–∞–∫–∂–µ –ø–æ –Ω–µ–º–µ—Ü–∫–∏–º —Ä–µ—Ü–µ–ø—Ç–∞–º –∏ —Ç–µ—Ö–Ω–æ–ª–æ–≥–∏—è–º. –í —Ü–µ–ª–æ–º, —ç—Ç–æ –æ—Ç–ª–∏—á–Ω—ã–π –ª–∞–≥–µ—Ä,–æ—á–µ–Ω—å –º—è–≥–∫–∏–π, –ø–∏—Ç–∫–∏–π —Å–æ –≤—Å–µ–º–∏ –æ—Ç–ª–∏—á–Ω—ã–º–∏ –æ—Ä–≥–∞–Ω–æ–ª–µ–ø—Ç–∏—á–µ—Å–∫–∏–º–∏ —Ö–∞—Ä–∞–∫—Ç–µ—Ä–∏—Å—Ç–∏–∫–∞–º–∏, –∞ —Ç–∞–∫–∂–µ —á–µ—Å—Ç–Ω—ã–º –æ–±—ä–µ–º–æ–º 0,5–ª(–∫—Ä–∞–π–Ω—è—è —Ä–µ–¥–∫–æ—Å—Ç—å –¥–ª—è –º–∞—Å—Å–æ–≤—ã—Ö —Ä–æ—Å—Å–∏–π—Å–∫–∏—Ö –ø—Ä–æ–∏–∑–≤–æ–¥–∏—Ç–µ–ª–µ–π)!–ù–∞ –º–æ–π –≤–∑–≥–ª—è–¥, —ç—Ç–æ—Ç –æ—Ç–µ—á–µ—Å—Ç–≤–µ–Ω–Ω—ã–π –ø—Ä–æ–¥—É–∫—Ç –≤–ø–æ–ª–Ω–µ –æ—á–µ–Ω—å –¥–æ—Å—Ç–æ–π–Ω–æ –º–æ–∂–µ—Ç —Å—Ç–∞—Ç—å –∏–º–ø–æ—Ä—Ç–æ–∑–∞–º–µ—â–µ–Ω–∏–µ–º –∏ –±–æ–ª–µ–µ —Ç–æ–≥–æ, —ç—Ç–æ—Ç –ø—Ä–æ–¥—É–∫—Ç –ª—É—á—à–µ –º–Ω–æ–≥–∏—Ö –Ω–µ–º–µ—Ü–∫–∏—Ö –∏ –¥–∞–∂–µ –∏–º–µ–Ω–∏—Ç—ã—Ö –µ–≤—Ä–æ–ø–µ–π—Å–∫–∏—Ö –º–∞—Å—Å–æ–≤—ã—Ö –ø—Ä–æ–∏–∑–≤–æ–¥–∏—Ç–µ–ª–µ–π –∞–Ω–∞–ª–æ–≥–∏—á–Ω–æ–≥–æ —Å–æ—Ä—Ç–∞!–°–ø–∞—Å–∏–±–æ –∑–∞ –≤–Ω–∏–º–∞–Ω–∏–µ –∏ –≤—Å–µ–º –Ω–æ–≤—ã—Ö –≥–∞—Å—Ç—Ä–æ–Ω–æ–º–∏—á–µ—Å–∫–∏—Ö –æ—Ç–∫—Ä—ã—Ç–∏–π! ",4
0,https://irecommend.ru//content/pivnoi-napitok-s-interesnym-vkusom-pryamikom-iz-solnechnoi-meksiki,"
–ü–∏–≤–Ω–æ–π –Ω–∞–ø–∏—Ç–æ–∫ —Å –∏–Ω—Ç–µ—Ä–µ—Å–Ω—ã–º –≤–∫—É—Å–æ–º. –ü—Ä—è–º–∏–∫–æ–º –∏–∑ —Å–æ–ª–Ω–µ—á–Ω–æ–π –ú–µ–∫—Å–∏–∫–∏.  ","–í—Å–µ–º –ø—Ä–∏–≤–µ—Ç! –°–µ–≥–æ–¥–Ω—è—à–Ω–∏–π –æ—Ç–∑—ã–≤ –±—É–¥–µ—Ç –æ –ø–æ–ø—É–ª—è—Ä–Ω–æ–º –ø–∏–≤–Ω–æ–º –Ω–∞–ø–∏—Ç–∫–µ Corona Extra. –ü–æ—á–µ–º—É-—Ç–æ –æ—á–µ–Ω—å –º–Ω–æ–≥–∏–º –ª—é–¥—è–º –æ–Ω–æ –±–µ–∑—É–º–Ω–æ –Ω—Ä–∞–≤–∏—Ç—Å—è. –í–æ–∑–º–æ–∂–Ω–æ –∏–∑-–∑–∞ —Ñ–∏–ª—å–º–∞ ""–§–æ—Ä—Å–∞–∂"" –≥–¥–µ –≥–ª–∞–≤–Ω—ã–π –≥–µ—Ä–æ–π –ø–∏–ª —Ç–æ–ª—å–∫–æ –ö–æ—Ä–æ–Ω—É. –≠—Ç–æ —Å–≤–æ–µ–≥–æ —Ä–æ–¥–∞ –±—Ä–µ–Ω–¥ –ø–∏–≤–∞. –ù–µ—Å–∫–æ–ª—å–∫–æ —Ä–∞–∑ —Å—Ç–∞–Ω–æ–≤–∏–ª–∞—Å—å —Å–≤–∏–¥–µ—Ç–µ–ª–µ–º –∫–∞–∫ –≤ –∞–ª–∫–æ–º–∞—Ä–∫–µ—Ç–∞—Ö —Å–ø—Ä–∞—à–∏–≤–∞—é—Ç –∏–º–µ–Ω–Ω–æ –∫–æ—Ä–æ–Ω—É. –Ø –µ–µ –ø–∏–ª–∞ —Ä–∞–∑–∞ 2. –ü–∏–≤–Ω–æ–π –Ω–∞–ø–∏—Ç–æ–∫ –≤–ø–æ–ª–Ω–µ –Ω–µ–ø–ª–æ—Ö–æ–π, –Ω–æ –Ω–∏—á–µ–≥–æ —Å–≤–µ—Ä—Ö—ä–µ—Å—Ç–µ—Å—Ç–≤–µ–Ω–Ω–æ–≥–æ —è –≤ –Ω–µ–º –Ω–µ –∑–∞–º–µ—Ç–∏–ª–∞. –ï–¥–∏–Ω—Å—Ç–≤–µ–Ω–Ω—ã–π –ø–ª—é—Å - –æ—á–µ–Ω—å –ª–µ–≥–∫–æ–µ. –î–∏–∑–∞–π–Ω —Ç–æ–∂–µ –æ—á–µ–Ω—å —Å–∏–º–ø–∞—Ç–∏—á–Ω—ã–π. –ù–µ —Å—Ç—ã–¥–Ω–æ –∑–∞–±—Ä–∞—Ç—å —Ç–∞–∫–æ–µ –≤ –∫–æ–ª–ª–µ–∫—Ü–∏—é. –ù–æ –æ–±–æ –≤—Å–µ–º –ø–æ –ø–æ—Ä—è–¥–∫—É. –ö–æ—Ä–æ–Ω—É —è –±—Ä–∞–ª–∞ –≤ –¥–∞–ª–µ–∫–æ–º 2020 –≥–æ–¥—É –ø–µ—Ä–≤—ã–π —Ä–∞–∑ –Ω–∞ –ø—Ä–æ–±—É –≤ –±–∞—Ä–µ. –ó–∞—Ö–æ—Ç–µ–ª–æ—Å—å —á–µ–≥–æ-—Ç–æ —É–ª—å—Ç—Ä–∞ –ª–µ–≥–∫–æ–≥–æ –∏ –ø—Ä–∏—è—Ç–Ω–æ–≥–æ. –ú–Ω–µ –ø–æ—Å–æ–≤–µ—Ç–æ–≤–∞–ª–∏ –ø–æ–ø—Ä–æ–±–æ–≤–∞—Ç—å –∏–º–µ–Ω–Ω–æ —Ç–∞–∫–æ–π –∏–Ω—Ç–µ—Ä–µ—Å–Ω—ã–π –º–µ–∫—Å–∏–∫–∞–Ω—Å–∫–∏–π –≤–∞—Ä–∏–∞–Ω—Ç. –í —Ü–µ–ª–æ–º, –º–Ω–µ –ø–æ–Ω—Ä–∞–≤–∏–ª–æ—Å—å. –ö—Å—Ç–∞—Ç–∏ –±—É—Ç—ã–ª–æ—á–∫–∞ —É –º–µ–Ω—è —Å–æ—Ö—Ä–∞–Ω–∏–ª–∞—Å—å. –û–±—ä–µ–º –µ—ë –±—ã–ª –±–æ–ª—å—à–µ –Ω–µ–¥–∞–≤–Ω–æ –∫—É–ø–ª–µ–Ω–Ω–æ–π. 35.5. –°—Ä–æ–∫ –≥–æ–¥–Ω–æ—Å—Ç–∏ —É –Ω–µ—ë –¥–æ 2021. –í–æ–∑–º–æ–∂–Ω–æ —Å–ª–µ–¥—É—é—â–∏–µ –ø–∞—Ä—Ç–∏–∏ —Å—Ç–∞–ª–∏ –≤—ã–ø—É—Å–∫–∞—Ç—å –º–µ–Ω—å—à–∏–º –æ–±—ä—ë–º–æ–º. –ù–µ–¥–∞–≤–Ω–æ –∑–∞—Ö–æ—Ç–µ–ª–æ—Å—å –≤—ã–ø–∏—Ç—å –ø–µ–Ω–Ω–æ–µ –∑–∞ —É–∂–∏–Ω–æ–º. –í –º–∞–≥–∞–∑–∏–Ω–µ –±—ã–ª –±–æ–ª—å—à–æ–π –≤—ã–±–æ—Ä, –Ω–æ —è —Ä–µ—à–∏–ª–∞ –ø–æ–ø—Ä–æ–±–æ–≤–∞—Ç—å –ø—Ä–æ–≤–µ—Ä–µ–Ω–Ω—ã–π –≤–∞—Ä–∏–∞–Ω—Ç. –ò –±—ã–ª–∞ –Ω–µ–º–Ω–æ–≥–æ —Ä–∞–∑–æ—á–∞—Ä–æ–≤–∞–Ω–∞. –í –ø–µ—Ä–≤—ã–π —Ä–∞–∑ –∏ –≤–∫—É—Å –º–Ω–µ –ø–æ–∫–∞–∑–∞–ª—Å—è —è—Ä—á–µ –∏ –æ–±—ä–µ–º –±—ã–ª —á—É—Ç—å-—á—É—Ç—å –±–æ–ª—å—à–µ. –®—Ç—Ä–∏—Ö –∫–æ–¥ –¥–µ–π—Å—Ç–≤–∏—Ç–µ–ª—å–Ω–æ –º–µ–∫—Å–∏–∫–∞–Ω—Å–∫–∏–π. –≠—Ç–æ, –æ–¥–Ω–∞–∫–æ, –≤—ã–∑—ã–≤–∞–µ—Ç –¥–æ–≤–µ—Ä–∏–µ. –¢–∞–∫, –µ—Å–ª–∏ –¥–µ–ª–∞—Ç—å –≤—ã–≤–æ–¥, –Ω–∞–ø–∏—Ç–æ–∫ –æ—á–µ–Ω—å –≤–æ–¥—è–Ω–∏—Å—Ç—ã–π –∏ –æ—á–µ–Ω—å –ª—ë–≥–∫–∏–π. –û—Ç–¥–∞—ë—Ç —Å—Ç—Ä–∞–Ω–Ω—ã–º –∏ –Ω–µ —Ö–∞—Ä–∞–∫—Ç–µ—Ä–Ω—ã–º –¥–ª—è –∫–ª–∞—Å—Å–∏—á–µ—Å–∫–æ–≥–æ –ø–∏–≤–∞ –ø—Ä–∏–≤–∫—É—Å–æ–º. –ù–µ–º–Ω–æ–≥–æ —Ç–µ–∫–∏–ª—å–Ω–æ-–∫—É–∫—É—Ä—É–∑–Ω–æ–µ, –∫–∞–∫ –ø–æ –º–Ω–µ. –•–æ—Ç—è –∞–ª–∫–æ–≥–æ–ª—å 4.5% –æ–Ω —Å–æ–≤—Å–µ–º –Ω–µ –æ—â—É—â–∞–µ—Ç—Å—è. –ü–æ –≥–∞—Å—Ç—Ä–æ–Ω–æ–º–∏—á–µ—Å–∫–æ–º—É —Å–æ—á–µ—Ç–∞–Ω–∏—é –ø–æ–¥–æ–π–¥—ë—Ç –∫–æ –≤—Å–µ–º—É. –ö –∫–æ–ø—á—ë–Ω—ã–º –∏ –æ–±—ã—á–Ω—ã–º —Å—ã—Ä–∞–º, —Å–Ω–µ–∫–∞–º, –¥–∞–∂–µ –ø—Ä–æ—Å—Ç–æ –∫ –æ–±—ã—á–Ω–æ–º—É —É–∂–∏–Ω—É. –†–µ–∫–æ–º–µ–Ω–¥—É—é –ø–æ–ø—Ä–æ–±–æ–≤–∞—Ç—å –ª—é–±–∏—Ç–µ–ª—è–º —á–µ–≥–æ-—Ç–æ –Ω–µ–æ–±—ã—á–Ω–æ–≥–æ. –ú–µ–∫—Å–∏–∫–∞ –≤–∞—Å –∂–¥—ë—Ç) ",4
0,https://irecommend.ru//content/originalnoe-temnoe-pivo-priyatnyi-vkus-slegka-s-gorchinkoi,"
–û—Ä–∏–≥–∏–Ω–∞–ª—å–Ω–æ–µ —Ç—ë–º–Ω–æ–µ –ø–∏–≤–æ. –ü—Ä–∏—è—Ç–Ω—ã–π –≤–∫—É—Å, —Å–ª–µ–≥–∫–∞ —Å –≥–æ—Ä—á–∏–Ω–∫–æ–π ","–ó–¥—Ä–∞–≤—Å—Ç–≤—É–π—Ç–µ. –°–µ–≥–æ–¥–Ω—è —è —Ö–æ—á—É –ø–æ–¥–µ–ª–∏—Ç—å—Å—è —Å –≤–∞–º–∏ —Å–≤–æ–∏–º–∏ –≤–ø–µ—á–∞—Ç–ª–µ–Ω–∏—è–º–∏ –æ –ø–∏–≤–µ –æ—Ç –ö—É–∑–Ω–∏—Ü—ã –ó–Ω–∞—Ç–Ω–æ–≥–æ –ü–∏–≤–∞ STOUT —Ç—ë–º–Ω–æ–µ.  –ü—Ä–µ–¥—ã—Å—Ç–æ—Ä–∏—è –ø–æ–∫—É–ø–∫–∏. –ü–∏–≤–æ –ø—å—é –µ—â—ë —Å–æ —Å—Ç—É–¥–µ–Ω—á–µ—Å–∫–∏—Ö –≤—Ä–µ–º—ë–Ω. –ù–µ –∑–ª–æ—É–ø–æ—Ç—Ä–µ–±–ª—è—é, –Ω–æ –∏–Ω–æ–≥–¥–∞ 1-2 –±–∞–Ω–æ—á–∫–∏/–±—É—Ç—ã–ª–æ—á–∫–∏ –º–æ–∂–Ω–æ —Å–µ–±–µ –ø–æ–∑–≤–æ–ª–∏—Ç—å. –°–≤–µ—Ç–ª–æ–µ –Ω–µ –ª—é–±–ª—é, –ª—é–±–æ–µ. –ù–µ –Ω—Ä–∞–≤–∏—Ç—Å—è –º–Ω–µ –≤–∫—É—Å –∏ –≤—Å—ë. –ü—Ä–æ–±–æ–≤–∞–ª–∞ —Ä–∞–∑–Ω—ã–µ - –Ω–µ—Ñ–∏–ª—å—Ç—Ä–æ–≤–∞–Ω–Ω–æ–µ –æ—Å–æ–±–æ –Ω–µ–ø—Ä–∏—è—Ç–Ω–æ–µ –ø–æ—á–µ–º—É-—Ç–æ. –î–∞–∂–µ –±–µ–ª–æ–µ –ø–∏–≤–æ –ø—Ä–æ–±–æ–≤–∞–ª–æ, –Ω–æ –∫–∞–∫-—Ç–æ –Ω–∏ –æ —á—ë–º. –û—Ç —Ñ—Ä—É–∫—Ç–æ–≤—ã—Ö –º–µ–Ω—è –Ω–∞—á–∏–Ω–∞–µ—Ç –ø–æ–¥—Ç–∞—à–Ω–∏–≤–∞—Ç—å, –∏ –æ –∫–∞–∫–æ–º —É–¥–æ–≤–æ–ª—å—Å—Ç–≤–∏–∏ —Ç–æ–≥–¥–∞ —É–∂ —Ç—É—Ç —Ä–µ—á—å. –ê –≤–æ—Ç —Ç—ë–º–Ω–æ–µ –ø–∏–≤–æ –º–Ω–µ –Ω—Ä–∞–≤–∏—Ç—Å—è. –ù–æ —Ç–æ–∂–µ –¥–∞–ª–µ–∫–æ –Ω–µ –≤—Å—ë. –û–±—ã—á–Ω–æ —è –Ω–∞—Ö–æ–∂—É —Ç—É –º–∞—Ä–∫—É, —á—Ç–æ –º–Ω–µ –Ω—Ä–∞–≤–∏—Ç—Å—è –±–æ–ª—å—à–µ –≤—Å–µ–≥–æ, –∏ –ø—å—é —ç—Ç–æ –ø–∏–≤–æ –¥–æ —Ç–µ—Ö –ø–æ—Ä, –ø–æ–∫–∞ –ø–æ –∫–∞–∫–æ–π-—Ç–æ –ø—Ä–∏—á–∏–Ω–µ, –æ–Ω–æ –Ω–µ —Å—Ç–∞–Ω–æ–≤–∏—Ç—Å—è –≤—Å—ë —Ö—É–∂–µ –∏ —Ö—É–∂–µ, –∏ –¥–æ—Ö–æ–¥–∏—Ç –¥–æ —Ç–æ–≥–æ –º–æ–º–µ–Ω—Ç–∞, –∫–æ–≥–¥–∞ –ø–∏—Ç—å –µ–≥–æ —É–∂–µ –Ω–µ–≤–æ–∑–º–æ–∂–Ω–æ. STOUT —Ç—ë–º–Ω–æ–µ –Ω–∏–∫–æ–≥–¥–∞ –Ω–µ –±—ã–ª–æ –º–æ–µ–π ""–ø–æ—Å—Ç–æ—è–Ω–Ω–æ–π –º–∞—Ä–∫–æ–π"", —è –ø—Ä–æ—Å—Ç–æ —Ä–µ—à–∏–ª–∞ –ø–æ–ø—Ä–æ–±–æ–≤–∞—Ç—å –µ–≥–æ –æ–¥–∏–Ω —Ä–∞–∑–æ–∫. –°–Ω–∞—á–∞–ª–∞ –≤—ã—à–ª–æ —Ç–∞–∫, —á—Ç–æ –≤ –∫–æ–º–ø–∞–Ω–∏–∏ –µ–≥–æ –ø—Ä–∏–Ω—ë—Å –æ–¥–∏–Ω –∑–Ω–∞–∫–æ–º—ã–π. –ê –ø–æ—Ç–æ–º —É–∂–µ —è –∫—É–ø–∏–ª–∞ –±–∞–Ω–æ—á–∫—É –∏ —Å–∞–º–∞.  –£–ø–∞–∫–æ–≤–∫–∞. –í –æ–±—â–µ–º-—Ç–æ –Ω–∏—á–µ–≥–æ —Å–≤–µ—Ä—Ö—ä–µ—Å—Ç–µ—Å—Ç–≤–µ–Ω–Ω–æ–≥–æ. –û–±—ã—á–Ω–∞—è –∂–µ—Å—Ç—è–Ω–∞—è –±–∞–Ω–∫–∞. –ù–æ –º–Ω–µ –æ—á–µ–Ω—å –ø–æ–Ω—Ä–∞–≤–∏–ª–æ—Å—å –æ—Ñ–æ—Ä–º–ª–µ–Ω–∏–µ.  –ü–æ-—Å–≤–æ–µ–º—É –æ–Ω–æ –≤–µ—Å—å–º–∞ –º–∏–Ω–∏–º–∞–ª–∏—Å—Ç–∏—á–Ω–æ, –Ω–æ –ø—Ä–∏ —ç—Ç–æ–º –ø—Ä–∏–∫–æ–≤—ã–≤–∞–µ—Ç –≤–∑–≥–ª—è–¥ –∏ –≤—ã–∑—ã–≤–∞–µ—Ç –∏–Ω—Ç–µ—Ä–µ—Å. –° –æ–±—Ä–∞—Ç–Ω–æ–π —Å—Ç–æ—Ä–æ–Ω—ã –Ω–∞ –±–∞–Ω–∫–µ —É–∫–∞–∑–∞–Ω–æ –º–Ω–æ–≥–æ –ø–æ–ª–µ–∑–Ω–æ–π –∏–Ω—Ñ–æ—Ä–º–∞—Ü–∏–∏. –í —Ç–æ–º —á–∏—Å–ª–µ —Å–æ—Å—Ç–∞–≤ (–æ–± —ç—Ç–æ–º —á—É—Ç—å –ø–æ–∑–∂–µ), –∏—Å—Ç–æ—Ä–∏—á–µ—Å–∫–∞—è —Å–ø—Ä–∞–≤–∫–∞ –ü–µ—Ä–≤–æ–µ —É–ø–æ–º–∏–Ω–∞–Ω–∏–µ –ø–∏–≤–∞ stout –∑–∞–º–µ—á–µ–Ω–æ –≤ –ø–∏—Å–∞–Ω–∏—è—Ö 1677 –≥–æ–¥–∞. –°–∞–º —Ç–µ—Ä–º–∏–Ω ¬´stout¬ª –≤ —Ä–∞–∑–ª–∏—á–Ω—ã–µ –ø–µ—Ä–∏–æ–¥—ã –º–æ–≥ –æ—Ç–Ω–æ—Å–∏—Ç—å—Å—è —Ç–æ –∫ –ø—Ä–æ—Å—Ç–æ –∫—Ä–µ–ø–∫–æ–º—É –ø–∏–≤—É (—Ü–≤–µ—Ç –±—ã–ª –Ω–µ –≤–∞–∂–µ–Ω, —Å–≤–µ—Ç–ª—ã–µ —ç–ª–∏ —Ç–∞–∫–∂–µ –º–æ–≥–ª–∏ –Ω–∞–∑—ã–≤–∞—Ç—å—Å—è ¬´—Å—Ç–∞—É—Ç–æ–º¬ª), —Ç–æ –∫ –ø–æ—Ä—Ç–µ—Ä–∞–º, –ø–æ–∫–∞ –Ω–µ –æ—Ç–¥–µ–ª–∏–ª–æ—Å—å –≤ –∏–Ω–¥–∏–≤–∏–¥—É–∞–ª—å–Ω—ã–π —Å–æ—Ä—Ç –ø–∏–≤–∞ –±–ª–∞–≥–æ–¥–∞—Ä—è –ê—Ä—Ç—É—Ä—É –ì–∏–Ω–Ω–µ—Å—Å—É. –°–µ–≥–æ–¥–Ω—è stout ‚Äì —ç—Ç–æ –ø–ª–æ—Ç–Ω—ã–π —Ç–µ–º–Ω—ã–π —ç–ª—å —Å –≥—É—Å—Ç–æ–π –∫—Ä–µ–º–æ–≤–æ–π –ø–µ–Ω–æ–π. –ø—Ä–µ–¥—É–ø—Ä–µ–∂–¥–µ–Ω–∏–µ –æ –≤—Ä–µ–¥–µ —á—Ä–µ–∑–º–µ—Ä–Ω–æ–≥–æ —É–ø–æ—Ç—Ä–µ–±–ª–µ–Ω–∏—è –∞–ª–∫–æ–≥–æ–ª—è –¥–∞—Ç–∞ —Ä–æ–∑–ª–∏–≤–∞  –ü—Ä–æ–∏–∑–≤–æ–¥–∏—Ç–µ–ª—å. –ü–∏–≤–æ STOUT —Ç—ë–º–Ω–æ–µ –ø—Ä–æ–∏–∑–≤–æ–¥–∏—Ç –Ω–µ–±–æ–ª—å—à–∞—è –ø–∏–≤–æ–≤–∞—Ä–Ω—è ""–ö—É–∑–Ω–∏—Ü–∞ –∑–Ω–∞—Ç–Ω–æ–≥–æ –ø–∏–≤–∞"". ""–ö—É–∑–Ω–∏—Ü–∞ –∑–Ω–∞—Ç–Ω–æ–≥–æ –ø–∏–≤–∞"" - –º–∏–∫—Ä–æ–ø–∏–≤–æ–≤–∞—Ä–Ω—è –æ—Å–Ω–æ–≤–∞–Ω–Ω–∞—è –≤ 2014 –≥–æ–¥—É. –ó–∞ –∫–∞—á–µ—Å—Ç–≤–æ –ø–∏–≤–∞ –æ—Ç–≤–µ—á–∞–µ—Ç —á–µ—à—Å–∫–∏–π –ø–∏–≤–æ–≤–∞—Ä –®—Ç–µ–ø–∞–Ω –õ–∞—à–∞–∫. –ü–∏–≤–æ–≤–∞—Ä–Ω—è –≤—ã–ø—É—Å–∫–∞–µ—Ç 10 —Å–æ—Ä—Ç–æ–≤ –ø–∏–≤–∞ –∏, –≤—Ä–µ–º—è –æ—Ç –≤—Ä–µ–º–µ–Ω–∏, –≤—Å—è–∫–∏–µ –ª–∏–º–∏—Ç–∏—Ä–æ–≤–∞–Ω–Ω—ã–µ —Å–æ—Ä—Ç–∞. –£ ""–ö—É–∑–Ω–∏—Ü—ã"" –Ω–∞ –¥–∞–Ω–Ω—ã–π –º–æ–º–µ–Ω—Ç 19 —Ñ–∏—Ä–º–µ–Ω–Ω—ã—Ö –º–∞–≥–∞–∑–∏–Ω–æ–≤ –≤ –°–∞–º–∞—Ä–µ –∏ 2 –≤ –¢–æ–ª—å—è—Ç—Ç–∏. –ù–æ —Å –Ω–∞—á–∞–ª–æ–º —Ä–æ–∑–ª–∏–≤–∞ –ø—Ä–æ–¥—É–∫—Ü–∏–∏ –≤ –±–∞–Ω–∫–∏ –æ–Ω–∏ –ø–ª–∞–Ω–∏—Ä—É—é—Ç —Ä–∞—Å—à–∏—Ä–∏—Ç—å –≥–µ–æ–≥—Ä–∞—Ñ–∏—é –ø—Ä–æ–¥–∞–∂.  –°–æ—Å—Ç–∞–≤.  –°–æ—Å—Ç–∞–≤: –≤–æ–¥–∞, —Å–æ–ª–æ–¥ —è—á–º–µ–Ω–Ω—ã–π –ø–∏–≤–æ–≤–∞—Ä–µ–Ω–Ω—ã–π(—Å–≤–µ—Ç–ª—ã–π, –∫–∞—Ä–∞–º–µ–ª—å–Ω—ã–π, —Å–ø–µ—Ü–∏–∞–ª—å–Ω—ã–π), —Å–æ–ª–æ–¥ –ø—à–µ–Ω–∏—á–Ω—ã–π –ø–∏–≤–æ–≤–∞—Ä–µ–Ω–Ω—ã–π —Å–≤–µ—Ç–ª—ã–π, —Ö–º–µ–ª—å, –¥—Ä–æ–∂–∏ –ø–∏–≤–Ω—ã–µ. –ê–ª–∫–æ–≥–æ–ª—å 4,7%, –ø–ª–æ—Ç–Ω–æ—Å—Ç—å 14%, –æ–±—ä—ë–º 0,5 –ª. –¢—ë–º–Ω–æ–µ, –Ω–µ—Ñ–∏–ª—å—Ç—Ä–æ–≤–∞–Ω–Ω–æ–µ, –Ω–µ–ø–∞—Å—Ç–µ—Ä–∏–∑–æ–≤–∞–Ω–Ω–æ–µ.  –í–∫—É—Å –∏ —Ü–≤–µ—Ç. –ù–∞ –æ—Ñ–∏—Ü–∏–∞–ª—å–Ω–æ–º —Å–∞–π—Ç–µ –ø–∏–≤–æ–≤–∞—Ä–Ω–∏ –¥–∞–Ω–Ω–æ–µ –ø–∏–≤–æ –∞–Ω–æ–Ω—Å–∏—Ä—É–µ—Ç—Å—è —Å–ª–µ–¥—É—é—â–∏–º –æ–±—Ä–∞–∑–æ–º: –ü–ª–æ—Ç–Ω—ã–π —Ç–µ–º–Ω—ã–π —ç–ª—å —Å –≥—É—Å—Ç–æ–π –∫—Ä–µ–º–æ–≤–æ–π –ø–µ–Ω–æ–π. –ù–µ–Ω–∞–≤—è–∑—á–∏–≤—ã–π –∞—Ä–æ–º–∞—Ç –ø—Ä–æ–∂–∞—Ä–µ–Ω–Ω–æ–≥–æ —è—á–º–µ–Ω—è –∏ —Ö–æ–ª–æ–¥–Ω–æ–≥–æ –∫–æ—Ñ–µ. –ò —Ö–æ—Ç—è —Å–æ–¥–µ—Ä–∂–∞–Ω–∏—è –∞–ª–∫–æ–≥–æ–ª—è –≤ –Ω—ë–º –≤—Å–µ–≥–æ 4,7%, –Ω–µ –±–æ–ª—å—à–µ, —á–µ–º –≤ —Ç–æ–º –ø–∏–≤–µ, —á—Ç–æ —è –ø—å—é –æ–±—ã—á–Ω–æ, –º–Ω–µ –æ–Ω–æ –ø–æ–∫–∞–∑–∞–ª–æ—Å—å –¥–æ—Å—Ç–∞—Ç–æ—á–Ω–æ –∫—Ä–µ–ø–∫–∏–º.   –ü–æ—Å–ª–µ–¥—Å—Ç–≤–∏—è. –ú–Ω–µ —Ç—Ä—É–¥–Ω–æ —Å—É–¥–∏—Ç—å –æ –ø–æ—Å–ª–µ–¥—Å—Ç–≤–∏—è—Ö —É–ø–æ—Ç—Ä–µ–±–ª–µ–Ω–∏—è –¥–∞–Ω–Ω–æ–≥–æ –ø–∏–≤–∞, —Ç–∞–∫ –∫–∞–∫ –æ–±–∞ —Ä–∞–∑–∞ —è –≤—Å–µ–≥–æ –ª–∏—à—å –≤—ã–ø–∏–ª–∞ –ø–æ –±–∞–Ω–æ—á–∫–µ 0,5 –ª–∏—Ç—Ä–æ–≤. –ù–æ –æ—Å–Ω–æ–≤—ã–≤–∞—è—Å—å –Ω–∞ —Ç–∞–∫–æ–º –Ω–µ–±–æ–ª—å—à–æ–º –∫–æ–ª–∏—á–µ—Å—Ç–≤–µ –ø–æ –º–æ–∏–º –ª–∏—á–Ω—ã–º –æ—â—É—â–µ–Ω–∏—è–º, –∫–∞—á–µ—Å—Ç–≤–æ —É –ø–∏–≤–∞ STOUT —Ç—ë–º–Ω–æ–µ –æ—á–µ–Ω—å –Ω–µ–ø–ª–æ—Ö–æ–µ. –ù–∏–∫–∞–∫–æ–≥–æ –æ—â—É—â–µ–Ω–∏—è —Ç–æ—à–Ω–æ—Ç—ã, —Å—É—Ö–æ—Å—Ç–∏ –≤–æ —Ä—Ç—É –Ω–∏ –≤–æ –≤—Ä–µ–º—è —É–ø–æ—Ç—Ä–µ–±–ª–µ–Ω–∏—è, –Ω–∏ –ø–æ—Å–ª–µ, –Ω–∏ –Ω–∞ —É—Ç—Ä–æ.  –ò—Ç–æ–≥. –û—Ç–ª–∏—á–Ω–æ–µ —Ç—ë–º–Ω–æ–µ –ø–∏–≤–æ. –ö–æ–Ω–µ—á–Ω–æ, —Ü–µ–Ω–∞ –≤ 115 —Ä—É–±–ª–µ–π –∑–∞ –±–∞–Ω–∫—É 0,5 –ª–∏—Ç—Ä–æ–≤ –Ω–µ –º–∞–ª–µ–Ω—å–∫–∞—è, –Ω–æ –µ—Å–ª–∏ –≤–∞—à–∞ —Ü–µ–ª—å –Ω–∞—Å–ª–∞–¥–∏—Ç—Å—è –Ω–∞–ø–∏—Ç–∫–æ–º, –∞ –Ω–µ –≤–∑—è—Ç—å –∫–æ–ª–∏—á–µ—Å—Ç–≤–æ–º, —Ç–æ —ç—Ç–æ –ø–∏–≤–æ –≤–∞–º –æ—á–µ–Ω—å –¥–∞–∂–µ –ø–æ–¥–æ–π–¥—ë—Ç. ",5
0,https://irecommend.ru//content/sukhumskoe-temnoe-pivo-dostoinyi-napitok-mestnogo-proizvodstva,"
–°—É—Ö—É–º—Å–∫–æ–µ —Ç—ë–º–Ω–æ–µ –ø–∏–≤–æ - –¥–æ—Å—Ç–æ–π–Ω—ã–π –Ω–∞–ø–∏—Ç–æ–∫ –º–µ—Å—Ç–Ω–æ–≥–æ –ø—Ä–æ–∏–∑–≤–æ–¥—Å—Ç–≤–∞ üç∫ ","–í—Å–µ–º –ø—Ä–∏–≤–µ—Ç ! –ö–∞–∫ —è —É–∂–µ –ø–∏—Å–∞–ª–∞ —Ä–∞–Ω—å—à–µ - –º–æ—è —Å–µ–º—å—é –ª—é–±–∏—Ç –ª–µ—Ç–æ–º –µ–∑–¥–∏—Ç—å –≤ –ê–±—Ö–∞–∑–∏—é . –ü—Ä–∏—á–∏–Ω—ã –ø—Ä–æ—Å—Ç—ã - —ç—Ç–∞ —Å—Ç—Ä–∞–Ω–∞ –Ω–∞—Ö–æ–¥–∏—Ç—Å—è –≤ –Ω–µ–ø–æ—Å—Ä–µ–¥—Å—Ç–≤–µ–Ω–Ω–æ–π –±–ª–∏–∑–æ—Å—Ç–∏ –æ—Ç –∫—Ä–∞—è –≤ –∫–æ—Ç–æ—Ä–æ–º —è –∂–∏–≤—É, –∞ –≤–æ –≤—Ç–æ—Ä—ã—Ö —Ç–∞–º –ª—é–¥–µ–π –º–µ–Ω—å—à–µ –∏ –º–æ—Ä–µ —á–∏—â–µ , —á–µ–º –≤ —Å–æ—Å–µ–¥–Ω–µ–º –°–æ—á–∏ . –ù—É –∏ –∫–∞–∫–æ–π –∂–µ –æ—Ç–ø—É—Å–∫ –∏ –æ—Ç–¥—ã—Ö –±–µ–∑ –ø–∏–≤–∞?! –ò –≤–æ—Ç –ø—Ä–∏–µ–∑–∂–∞—é –≤ –ê–±—Ö–∞–∑–∏—é –º—ã –≤—Å–µ–≥–¥–∞ –ø—å–µ–º —Ç–æ–ª—å–∫–æ –º–µ—Å—Ç–Ω–æ–µ –ø–∏–≤–æ - –Ω–∞–º –æ–Ω–æ –Ω—Ä–∞–≤–∏—Ç—Å—è! –ê –≤ —ç—Ç–æ–º –≥–æ–¥—É –ú—ã —É–≤–∏–¥–µ–ª–∏ –Ω–æ–≤–∏–Ω–∫—É - –ø–∏–≤–æ –∫–æ—Ç–æ—Ä–æ–≥–æ –¥–∞–∂–µ –≤ –ø—Ä–æ—à–ª–æ–º –≥–æ–¥—É –µ—â–µ –Ω–µ –±—ã–ª–æ –Ω–∞ –ø—Ä–∏–ª–∞–≤–∫–∞—Ö. –û –Ω—ë–º —è —Å–µ–π—á–∞—Å –∏ —Ä–∞—Å—Å–∫–∞–∂—É –ø–æ–ø–æ–¥—Ä–æ–±–Ω–µ–µ : –í–Ω–µ—à–Ω–∏–π –≤–∏–¥ :  –°—Ç–∞–Ω–¥–∞—Ä—Ç–Ω–∞—è —Å—Ç–µ–∫–ª—è–Ω–Ω–∞—è –∑–µ–ª–µ–Ω–∞—è –±—É—Ç—ã–ª–∫–∞ .  –ù–∞ –Ω–∞–∫–ª–µ–π–∫–µ –≤–µ—Å—Ç—å –≤—Å—è –Ω–µ–æ–±—Ö–æ–¥–∏–º–∞—è –∏–Ω—Ñ–æ—Ä–º–∞—Ü–∏—è –æ —Ç–æ–≤–∞—Ä–µ :  –°–æ—Å—Ç–∞–≤:  –û—Ä–≥–∞–Ω–æ–ª–µ–ø—Ç–∏–∫–∞: –ü–∏–≤–æ —Ç–µ–º–Ω–æ–µ –∏ –∏–º–µ–µ—Ç –∫—Ä–∞—Å–∏–≤—ã–π –æ—Ç—Ç–µ–Ω–æ–∫ - –≤–Ω–µ—à–Ω–µ , –µ—Å–ª–∏ –Ω–µ —Å—Ç–∞–≤–∏—Ç—å —Ä—è–¥–æ–º –±—É—Ç—ã–ª–∫—É –æ—Ç –ø–∏–≤–∞ –º–æ–∂–Ω–æ –ø–æ–¥—É–º–∞—Ç—å, —á–æ –Ω–∞–ª–∏—Ç–∞ –∫–æ–ª–∞. –í–∫—É—Å –ø—Ä–∏—è—Ç–Ω—ã–π , –ª–µ–≥–∫–∏–π, —Å–ª–µ–≥–∫–∞ —Å–ª–∞–¥–∫–æ–≤–∞—Ç—ã–π –∫–∞–∫ –∏ –ø—Ä–∏—Å—É—â–µ –±–∞—Ä—Ö–∞—Ç–Ω–æ–º—É –ø–∏–≤—É. –ê—Ä–æ–º–∞—Ç —Ç–æ–∂–µ —Å–ª–µ–≥–∫–∞ —Å–ª–∞–¥–∫–æ–≤–∞—Ç—ã–π.  –í—ã–≤–æ–¥: –í —Ü–µ–ª–æ–º –º–Ω–µ —ç—Ç–∞ –Ω–æ–≤–∏–Ω–∫–∞ –æ—á–µ–Ω—å –¥–∞–∂–µ –ø–æ–Ω—Ä–∞–≤–∏–ª–∞—Å—å ! –ü–∏–≤–æ –ø—å–µ—Ç—Å—è –ª–µ–≥–∫–æ, –Ω–µ –≥–æ—Ä—á–∏—Ç . –ù–∞–ø–∏—Ç–æ–∫ —Ö–æ—Ä–æ—à–æ –æ—Å–≤–µ–∂–∞–µ—Ç –∏ –æ—Ç–ª–∏—á–Ω–æ –ø–æ–¥–Ω–∏–º–∞–µ—Ç –Ω–∞—Å—Ç—Ä–æ–µ–Ω–∏–µ) –ï—Å–ª–∏ –±—É–¥–∏—Ç–µ –≤ –ê–±—Ö–∞–∑–∏–∏ - –æ–±—è–∑–∞—Ç–µ–ª—å–Ω–æ –ø—Ä–æ–¥–µ–≥—É—Å—Ç–∏—Ä—É–π—Ç–µ  –ù–∞–¥–µ—é—Å—å –º–æ–π –æ—Ç–∑—ã–≤ –í–∞–º –ø—Ä–∏–≥–æ–¥–∏–ª—Å—è! –•–æ—Ä–æ—à–µ–≥–æ –¥–Ω—è! ",5
0,https://irecommend.ru//content/neobychnoe-pivo-chto-vybrat-otlichnyi-primer,"
üóø –ù–µ–æ–±—ã—á–Ω–æ–µ –ø–∏–≤–æ - —á—Ç–æ –≤—ã–±—Ä–∞—Ç—å? –û—Ç–ª–∏—á–Ω—ã–π –ø—Ä–∏–º–µ—Ä! üóø ","–ó–¥—Ä–∞–≤—Å—Ç–≤—É–π—Ç–µ, —É–≤–∞–∂–∞–µ–º—ã–µ —á–∏—Ç–∞—Ç–µ–ª–∏! –Ø –æ–±—ã—á–Ω–æ –Ω–µ –ø–∏—à—É –æ –ø–∏–≤–µ, –Ω–æ —Ä–∞–∑ —É–∂ —Å —ç—Ç–æ–π –Ω–æ–≤–æ–π —Ä–∞–±–æ—Ç–æ–π —è —Å—Ç–∞–ª –º–Ω–æ–≥–æ –ø–∏—Ç—å, –ø—É—Å—Ç—å —ç—Ç–∞ —É–∂–∞—Å–Ω–∞—è –ø—Ä–∏–≤—ã—á–∫–∞ –∫ —Å–∞–º–æ—Ä–∞–∑—Ä—É—à–µ–Ω–∏—é –ø—Ä–∏–Ω–µ—Å–µ—Ç –Ω–µ–º–Ω–æ–≥–æ –¥–µ–Ω–µ–≥ (–Ω–∞ –ø–∏–≤–æ). –°–∞–º–∞—è –±–æ–ª—å—à–∞—è –±–µ–¥–∞ –æ—Ç–∑—ã–≤–æ–≤ –Ω–∞ –ø—Ä–æ–¥–æ–≤–æ–ª—å—Å—Ç–≤–∏–µ - –≤ –ø—Ä–æ—Ü–µ—Å—Å–µ –æ–Ω–∏ —Å—ä–µ–¥–∞—é—Ç—Å—è. –ï—Å–ª–∏ —è –æ—Ç—Ñ–æ—Ç–æ–≥—Ä–∞—Ñ–∏—Ä–æ–≤–∞–ª –≤–∞–º –¥–æ–ø–∏—Ç—É—é –±—É—Ç—ã–ª–∫—É, –Ω—É —á—Ç–æ –∂... –ü–∏–≤–æ Weiss Berg –ü—à–µ–Ω–∏—á–Ω–æ–µ –õ–∞–π–º ‚ñ∫–£–ø–∞–∫–æ–≤–∫–∞: –≤ –Ω–∞—à–µ–º —Å–ª—É—á–∞–µ –±—É—Ç—ã–ª–∫–∞. –û, –º–∞–º–∞ –º–∏—è! –ù–∏—á–µ–≥–æ –ø—Ä–∏–º–µ—á–∞—Ç–µ–ª—å–Ω–æ–≥–æ. –†–∞–∑–≤–µ —á—Ç–æ —ç—Ç–∞ –ø—Ä–µ–∫—Ä–∞—Å–Ω–∞—è —ç—Ç–∏–∫–µ—Ç–∫–∞! –î–∞, –∏–º–µ–Ω–Ω–æ –Ω–∞ —Å–ª–æ–≤–æ ""–ª–∞–π–º"" —è –ø–æ–≤–µ–ª—Å—è –≤ –ø–∏–≤–Ω–æ–º –ª–∞—Ä—å–∫–µ. –ë—ã–ª–∞ –∑–∞–¥—É—à–µ–≤–Ω–∞—è –ø—è—Ç–Ω–∏—Ü–∞. –ü–∏–≤–æ Weiss Berg –ü—à–µ–Ω–∏—á–Ω–æ–µ –õ–∞–π–º –ì–æ–≤–æ—Ä—è—Ç, –∑–¥–µ—Å—å –Ω–µ —Ç–æ–ª—å–∫–æ –ª–∞–π–º, –Ω–æ –∏ –ª–∏–º–æ–Ω, –∞ –≤–∞—Ä–∏–∞–Ω—Ç–æ–≤ —ç—Ç–∏–∫–µ—Ç–∫–∏ –±—ã–ª–æ –¥–≤–∞. –í–ø—Ä–æ—á–µ–º, –∫—Ç–æ –∑–Ω–∞–µ—Ç, —á—Ç–æ –≤–∞–π—Å–±–µ—Ä–≥ –∏–º–µ–ª –≤ –≤–∏–¥—É –Ω–∞ —Å–∞–º–æ–º –¥–µ–ª–µ... –Ø—Å–Ω–æ –æ–¥–Ω–æ - –±—É—Ç—ã–ª–∫–∞ –≤—ã–ø–æ–ª–Ω–µ–Ω–∞ –∏–∑ –∑–∞—Ç–µ–º–Ω–µ–Ω–Ω–æ–≥–æ —Å—Ç–µ–∫–ª–∞.–ö–∞–∫ –≤—Å–∫—Ä—ã—Ç—å –±—É—Ç—ã–ª–∫—É –ø–∏–≤–∞? –í—Å–µ –ø—Ä–æ—Å—Ç–æ! –û–¥–Ω–∏–º –¥–≤–∏–∂–µ–Ω–∏–µ–º —Ä—É–∫–∏. –ü–∏–≤–æ Weiss Berg –ü—à–µ–Ω–∏—á–Ω–æ–µ –õ–∞–π–º ‚ñ∫–¶–µ–Ω–∞: 103 —Ä‚ñ∫–û–±—ä–µ–º: 0,5 –ª ‚ñ∫–û–ø–∏—Å–∞–Ω–∏–µ: –ò–∑—è—â–Ω–æ —Å–±–∞–ª–∞–Ω—Å–∏—Ä–æ–≤–∞–Ω—ã —Å–≤–µ–∂–µ—Å—Ç—å –ª–∞–π–º–∞ –∏ —é–∂–Ω—ã–π –∞—Ä–æ–º–∞—Ç –ª–∏–º–æ–Ω–∞, —Ü–∏—Ç—Ä—É—Å–æ–≤—ã–µ —Å–æ–≤–µ—Ä—à–µ–Ω–Ω–æ –ø–æ-–Ω–æ–≤–æ–º—É —Ä–∞—Å–∫—Ä—ã–≤–∞—é—Ç—Å—è –≤ —Å–æ—é–∑–µ —Å –ø–∏–≤–Ω–æ–π –ø—à–µ–Ω–∏—á–Ω–æ–π –æ—Å–Ω–æ–≤–æ–π.–ë–ª–∞–≥–æ–¥–∞—Ä—è –æ—Å–æ–±–æ–π —Ç–µ—Ö–Ω–æ–ª–æ–≥–∏–∏ –ø—Ä–∏–≥–æ—Ç–æ–≤–ª–µ–Ω–∏—è –ø–∏–≤–æ–≤–∞—Ä–∞–º —É–¥–∞–ª–æ—Å—å –¥–æ–±–∏—Ç—å—Å—è –≤–∫—É—Å–∞, –±–æ–ª–µ–µ –±–ª–∏–∑–∫–æ–≥–æ –∫ –∏–≥—Ä–∏—Å—Ç–æ–º—É —Ñ—Ä—É–∫—Ç–æ–≤–æ–º—É –≤–∏–Ω—É, —Å–≤–µ–∂–µ–º—É, –∞—Ä–æ–º–∞—Ç–Ω–æ–º—É –∏ –∏—Å–∫—Ä—è—â–µ–º—É—Å—è. ‚ñ∫–û—â—É—â–µ–Ω–∏—è: –æ—Å—Ç–∞–≤–ª—é —Ö–º–µ–ª—å. –í–æ–∑—å–º—É –≤ —Ä—É–∫–∏ –ø—Ä–∏—è—Ç–Ω—ã–µ –ø—É–∑—ã—Ä–∏–∫–∏. –ü–∏–≤–æ –º—è–≥–∫–æ–µ –∏ –ø—Ä–∏—è—Ç–Ω–æ —â–µ–∫–æ—á–µ—Ç —è–∑—ã–∫. –û–¥–Ω–∞–∫–æ, –∏–º –Ω–∏–∫–æ–≥–¥–∞ –Ω–µ —É—Ç–æ–ª–∏—Ç—å –∂–∞–∂–¥—É. –ê–ª–∫–æ–≥–æ–ª—å –∑–¥–µ—Å—å –Ω–µ–∂–Ω—ã–π, –Ω–µ —Ç–∞–∫–æ–π –∫–∞–∫ –≤ –ø—Ä–µ—Å–ª–æ–≤—É—Ç–æ–π –±–∞–ª—Ç–∏–∫–µ. –ü—Ä–∏ –∂–µ–ª–∞–Ω–∏–∏ –≥—Ä–∞–¥—É—Å –º–æ–∂–Ω–æ –≤–æ–æ–±—â–µ –Ω–µ –ø–æ—á—É–≤—Å—Ç–≤–æ–≤–∞—Ç—å. –ü–∏–≤–æ Weiss Berg –ü—à–µ–Ω–∏—á–Ω–æ–µ –õ–∞–π–º‚ñ∫–í–∫—É—Å: –∫–∞–∫ –º–æ—è –ª—é–±–∏–º–∞—è –±–∞–ª—Ç–∏–∫–∞ –ª–∞–π–º. –°–µ—Ä—å–µ–∑–Ω–æ - –µ—Å–ª–∏ —Ö–æ—Ç–∏—Ç–µ —Ç–∞–∫–æ–π –ø–∏–≤–∞—Å–∏–∫, –Ω–æ –Ω–µ –∑–∞ 103 —Ä, –ø—Ä–æ—Å—Ç–æ –≤–æ–∑—å–º–∏—Ç–µ —Å–µ–±–µ –±–∞–ª—Ç–∏–∫—É –Ω—É–ª–µ–≤–∫—É —Å –ª–∞–π–º–æ–º. –¢–æ –∂–µ —Å–∞–º–æ–µ. –ü–æ—á—Ç–∏... –í —ç—Ç–æ–º –µ—â–µ –∏ –∞–ª–∫–æ –µ—Å—Ç—å! –ü–∏–≤–æ Weiss Berg –ü—à–µ–Ω–∏—á–Ω–æ–µ –õ–∞–π–º –ö—Å—Ç–∞—Ç–∏, –≤–∫—É—Å –Ω–µ —Ö–∏–º–∏—á–µ—Å–∫–∏-—Å–∏–Ω—Ç–µ—Ç–∏—á–µ—Å–∫–∏–π. –í–ø–æ–ª–Ω–µ –±–ª–∞–≥–æ—Ä–æ–¥–Ω—ã–µ –∞—Ä–æ–º–∞—Ç–∏–∑–∞—Ç–æ—Ä—ã. –ü–æ –≤–∫—É—Å—É –±–æ–ª—å—à–µ –≥–∞–∑–∏—Ä–æ–≤–∫–∏, —á–µ–º –ø–∏–≤–∞. –≠—Ç–æ —Å–º—É—â–∞–µ—Ç. –ö—Å—Ç–∞—Ç–∏, –ø—Ä–µ–¥–ø–æ—á–∏—Ç–∞—é –µ–≥–æ —Å –∑–∞–∫—É—Å–∫–æ–π. –ü–∏–≤–æ Weiss Berg –ü—à–µ–Ω–∏—á–Ω–æ–µ –õ–∞–π–º‚ñ∫–ó–∞–ø–∞—Ö: –≤—Å–µ —Ç–∞ –∂–µ –ª–∞–π–º–æ–≤–∞—è –≥–∞–∑–∏—Ä–æ–≤–∫–∞. –ê—Ä–æ–º–∞—Ç, –≤–ø—Ä–æ—á–µ–º, –±–æ–ª–µ–µ –ø–∏–≤–Ω–æ–π, —á–µ–º –≤–∫—É—Å. ‚ñ∫–¢–¢–•: 4 % –æ–±.14% —ç.–Ω.—Å. –í —Ü–µ–ª–æ–º, —Å—Ç–∞–≤–ª—é –≤–ø–æ–ª–Ω–µ —Å–µ–±–µ —Ö–æ—Ä–æ—à—É—é –æ—Ü–µ–Ω–∫—É. –î–µ–ª–æ –≤ —Ç–æ–º, —á—Ç–æ –ø–∏–≤–æ –º–Ω–µ –æ—á–µ–Ω—å –¥–∞–∂–µ –ø–æ–Ω—Ä–∞–≤–∏–ª–æ—Å—å, –ø—É—Å—Ç—å –º–µ—Å—Ç–∞–º–∏ –∏ –±–æ–ª—å—à–µ –Ω–∞–ø–æ–º–∏–Ω–∞–ª–æ –≥–∞–∑–∏—Ä–æ–≤–∫—É. –¢–∞–∫–∂–µ –ø–æ–Ω—Ä–∞–≤–∏–ª—Å—è –º—è–≥–∫–∏–π, –ø—Ä–∏—è—Ç–Ω—ã–π –∞–ª–∫–æ–≥–æ–ª—å, –æ—Ç –∫–æ—Ç–æ—Ä–æ–≥–æ –Ω–∞ —É—Ç—Ä–æ –Ω–µ –±–æ–ª–∏—Ç –≥–æ–ª–æ–≤–∞. –ü–∏–≤–æ Weiss Berg –ü—à–µ–Ω–∏—á–Ω–æ–µ –õ–∞–π–º –ü–æ–∂–∞–ª—É–π, —ç—Ç–æ —Ö–æ—Ä–æ—à–µ–µ –ø–∏–≤–æ! –ï–≥–æ —è –º–æ–≥—É —Ä–µ–∫–æ–º–µ–Ω–¥–æ–≤–∞—Ç—å –∏ –ø–æ–∫—É–ø–∞—Ç—å. –°–ø–∞—Å–∏–±–æ –∑–∞ –≤–Ω–∏–º–∞–Ω–∏–µ! –°—Ç–∞–≤—å—Ç–µ —Ä–µ—Ç–≤–∏—Ç—ã, –¥–µ–ª–∞–π—Ç–µ –ª–∞–π–∫–∏, –±–µ–π—Ç–µ –≤ —Ü–∞—Ä—å-–∫–æ–ª–æ–∫–æ–ª! –ê–ª—é–º–∏–Ω—å.  –ë–æ–ª—å—à–µ –æ –∫–æ—Å–º–µ—Ç–∏–∫–µ –∑–¥–µ—Å—å.  –ß–∏—Ç–∞–π—Ç–µ —Ç–∞–∫–∂–µ: - üóø –ì—Ä–µ—á–∏—à–Ω—ã–π —à–æ–∫–æ–ª–∞–¥ –≤ –≤–∞—à–µ–π –ª–µ–Ω—Ç–µ... –î–µ–ª–∏–∫–∞—Ç–µ—Å, —Å—Ç–æ–∏—Ç –ª–∏ —Ç–æ–≥–æ? üóø - üóø –≠–Ω–µ—Ä–≥–µ—Ç–∏–∫ –±–µ–∑ –≥–∞–∑–∞ - –Ω–æ–≤—ã–π —Ç—Ä–µ–Ω–¥ –≤ –º–∏—Ä–µ —ç–Ω–µ—Ä–≥–µ—Ç–∏—á–µ—Å–∫–∏—Ö –Ω–∞–ø–∏—Ç–∫–æ–≤. –ò —è –∏–º –¥–æ–≤–æ–ª–µ–Ω! üóø - üóø–í–æ—Å–ø–∞–ª–µ–Ω–∏–µ –∂–∞–¥–Ω–æ—Å—Ç–∏. –°—ç–Ω–¥–≤–∏—á McDonald‚Äôs / –ú–∞–∫–¥–æ–Ω–∞–ª–¥—Å –ì–∞–º–±—É—Ä–≥–µ—Ä / Hamburger / –ú–∞–∫–î–æ–Ω–∞–ª–¥—Å / McDonald‚Äôs / MacDonald's üóø - üóø –í—è–ª–µ–Ω–Ω–∞—è —Ä—ã–±–∫–∞... –£ –≤—Å–µ—Ö —Å–≤–æ–∏ —Å–ª–∞–±–æ—Å—Ç–∏. üóø ",5
0,https://irecommend.ru//content/limonad-net-pivo,"
–õ–∏–º–æ–Ω–∞–¥? –ù–µ—Ç, –ø–∏–≤–æ!  ","–ü—Ä–∏–≤–µ—Ç, –≤—Å–µ–º –∫—Ç–æ —á–∏—Ç–∞–µ—Ç —ç—Ç–æ—Ç –æ—Ç–∑—ã–≤! –û–Ω –ø—Ä–æ –ø–∏–≤–æ, –ø—Ä–æ –≤–∫—É—Å–Ω–æ–µ –∏ –Ω–µ–æ–±—ã—á–Ω–æ–µ. –ü–æ–ª–Ω–æ–µ –Ω–∞–∑–≤–∞–Ω–∏–µ: L√ºbzer Grapefruit 2,0 %, –≤—ã–ø—É—Å–∫–∞–µ—Ç –µ–≥–æ –¢–ú Carlsberg. –¢–∞–∫–æ–µ –ø–∏–≤–æ, –ø—Ä–æ–¥–∞–µ—Ç—Å—è –≤ –ì–µ—Ä–º–∞–Ω–∏–∏ –ø—Ä–∞–∫—Ç–∏—á–µ—Å–∫–∏ –≤–æ –≤—Å–µ—Ö —Å—É–ø–µ—Ä–º–∞—Ä–∫–µ—Ç–∞—Ö. –ù–∞–∑—ã–≤–∞—é—Ç –µ–≥–æ: —Ñ—Ä—É–∫—Ç–æ–≤–æ–µ –ø–∏–≤–æ, –∏–ª–∏ –∫–∞–∫ –º—ã –∏ –¥–æ–º–∞ –≥–æ–≤–æ—Ä–∏–ª–∏, BeerMix. –ü—Ä–æ–¥–∞–µ—Ç—Å—è –≤ –∂–µ—Å—Ç—è–Ω—ã—Ö –±–∞–Ω–∫–∞—Ö –∏ —Å—Ç–µ–∫–ª—è–Ω–Ω—ã—Ö –±—É—Ç—ã–ª–æ—á–∫–∞—Ö. –ú–æ–∂–Ω–æ –≤ —Ä–æ–∑–Ω–∏—Ü—É, –º–æ–∂–Ω–æ —É–ø–∞–∫–æ–≤–∫–∞–º–∏ –ø–æ —à–µ—Å—Ç—å —à—Ç—É–∫, —á—Ç–æ –≥–æ—Ä–∞–∑–¥–æ –≤—ã–≥–æ–¥–Ω–µ–µ. –ò –±–∞–Ω–∫–∏ –∏ –±—É—Ç—ã–ª–∫–∏ –ø—Ä–∏–Ω–∏–º–∞—é—Ç –≤–æ –≤—Å–µ—Ö –º–∞–≥–∞–∑–∏–Ω–∞—Ö —Å–ø–µ—Ü–∏–∞–ª—å–Ω—ã–µ –∞–≤—Ç–æ–º–∞—Ç—ã. –¢.–µ. –∑–∞ —Ç–∞—Ä—É, –≤—ã –Ω–µ –ø–ª–∞—Ç–∏—Ç–µ. L√ºbzer Grapefruit 2,0 %,–ù–∞ —É–ø–∞–∫–æ–≤–∫–µ, –∏ –Ω–∞ –±—É—Ç—ã–ª–∫–∞—Ö/–±–∞–Ω–∫–∞—Ö –º–æ–∂–Ω–æ –ø—Ä–æ—á–∏—Ç–∞—Ç—å –∏–Ω—Ñ–æ—Ä–º–∞—Ü–∏—é –æ –ø—Ä–æ–∏–∑–≤–æ–¥–∏—Ç–µ–ª–µ –∏ —Å–æ—Å—Ç–∞–≤–µ –Ω–∞–ø–∏—Ç–∫–∞. –ï—Å–ª–∏, –∫–æ–Ω–µ—á–Ω–æ, –∑–Ω–∞–µ—Ç–µ –Ω–µ–º–µ—Ü–∫–∏–π —è–∑—ã–∫) –Ω—É, –∞ –µ—Å–ª–∏ –Ω–µ –∑–Ω–∞–µ—Ç–µ, —Ç–æ –≤—Å–µ–≥–¥–∞ –∫ —É—Å–ª—É–≥–∞–º –ø–µ—Ä–µ–≤–æ–¥—á–∏–∫ –æ–Ω–ª–∞–π–Ω. —Ç–∞–∫ –∏ –∂–∏–≤–µ–º) L√ºbzer Grapefruit 2,0 %,  –í —É–ø–∞–∫–æ–≤–∫–µ —à–µ—Å—Ç—å –±—É—Ç—ã–ª–æ—á–µ–∫ –∏–ª–∏ –±–∞–Ω–æ—á–µ–∫, –æ–±—ä–µ–º–æ–º 0,33 –º–ª. –°–æ—Å—Ç–∞–≤ –ø–∏–≤–∞ –æ—á–µ–Ω—å –ø—Ä–æ—Å—Ç–æ–π: –í–æ–¥–∞, —Å–∞—Ö–∞—Ä, —Å–æ–∫ –≥—Ä–µ–π–ø—Ñ—Ä—É—Ç–∞, —Å–æ–∫ –ª–∏–º–æ–Ω–∞, —Å–æ–∫ –∞–ø–µ–ª—å—Å–∏–Ω–∞, –∫—Ä–∞—Å–∏—Ç–µ–ª–∏, –∫–æ–Ω—Ü–µ–Ω—Ç—Ä–∞—Ç –º–æ—Ä–∫–æ–≤–∏ –∏ —Å–º–æ—Ä–æ–¥–∏–Ω—ã, –∞—Ä–æ–º–∞—Ç–∏–∑–∞—Ç–æ—Ä—ã, —Å—Ç–∞–±–∏–ª–∏–∑–∞—Ç–æ—Ä—ã, —Ö–º–µ–ª—å –∏ —Å–æ–ª–æ–¥.  –ü–∏–≤–æ —Å–æ–¥–µ—Ä–∂–∏—Ç 2% –∞–ª–∫–æ–≥–æ–ª—è, –∫–æ—Ç–æ—Ä—ã–π –ø—Ä–∞–∫—Ç–∏—á–µ—Å–∫–∏ –Ω–µ –æ—â—É—â–∞–µ—Ç—Å—è. –ù–∞ –≤–∫—É—Å, –±–æ–ª—å—à–µ –Ω–∞–ø–æ–º–∏–Ω–∞–µ—Ç —Ü–∏—Ç—Ä—É—Å–æ–≤—ã–π –ª–∏–º–æ–Ω–∞–¥. –ù–æ, –Ω—É–∂–Ω–æ –ø–æ–º–Ω–∏—Ç—å, —á—Ç–æ –≤—Å–µ —Ç–∞–∫–∏, —ç—Ç–æ –∞–ª–∫–æ–≥–æ–ª—å–Ω—ã–π –Ω–∞–ø–∏—Ç–æ–∫. –•–æ—Ç—è, –µ—Å—Ç—å —Ç–æ—á–Ω–æ —Ç–∞–∫–æ–µ –∂–µ —Å –Ω—É–ª–µ–≤—ã–º —Å–æ–¥–µ—Ä–∂–∞–Ω–∏–µ–º –∞–ª–∫–æ–≥–æ–ª—è.  –Ø –≤ –ì–µ—Ä–º–∞–Ω–∏–∏ –Ω–µ –≤ –∫–∞—á–µ—Å—Ç–≤–µ —Ç—É—Ä–∏—Å—Ç–∞, –∏ –≤–ø–µ—Ä–≤—ã–µ –∑–∞ —Ä—É–ª–µ–º –≤ –ï–≤—Ä–æ–ø–µ, –ø–æ—ç—Ç–æ–º—É –¥–ª—è –º–µ–Ω—è L√ºbzer Grapefruit, –∏–¥–µ–∞–ª—å–Ω—ã–π –≤–∞—Ä–∏–∞–Ω—Ç –Ω–∞ –≤–µ—á–µ—Ä. –£—Ç—Ä–æ–º –Ω–µ—Ç –Ω–∏–∫–∞–∫–∏—Ö —Å–∏–º–ø—Ç–æ–º–æ–≤ –ø–æ—Ö–º–µ–ª—å—è –∏ –∑–∞–ø–∞—Ö–∞. –ü—Ä–æ –∫–∞–ª–æ—Ä–∏–∏ —è —Å–µ–π—á–∞—Å –Ω–µ –¥—É–º–∞—é, –Ω–∞—Ö–æ–¥—è—Å—å –≤ —Ö—Ä–æ–Ω–∏—á–µ—Å–∫–æ–º —Å—Ç—Ä–µ—Å—Å–µ —Ç–µ—Ä—è–µ—à—å –≤–µ—Å –Ω–µ –∑–∞–≤–∏—Å–∏–º–æ –æ—Ç —Ç–æ–≥–æ, —á—Ç–æ –ø—å–µ—à—å –∏ –µ—à—å. –ù–æ, –Ω–∞–ø–∏—Ç–æ–∫ –∫–∞–ª–æ—Ä–∏–π–Ω—ã–π)  –ú–æ–≥—É —Å–æ–≤–µ—Ç–æ–≤–∞—Ç—å –≤—Å–µ–º, –∫—Ç–æ –ª—é–±–∏—Ç –≤–∫—É—Å–Ω—ã–µ –∏ –Ω–µ–æ–±—ã—á–Ω—ã–µ —Å–ª–∞–±–æ –∞–ª–∫–æ–≥–æ–ª—å–Ω—ã–µ –Ω–∞–ø–∏—Ç–∫–∏. –°–ø–∞—Å–∏–±–æ –∑–∞ –≤–Ω–∏–º–∞–Ω–∏–µ. ",5
